Han tiggede Siegfried om sit Iiv og tiIbød ham sit rige.	{'4'}
- Hej, far.	{'5'}
Vi begynder med den høje vippe.	{'2'}
UndskyId, træner.	{'6'}
Jeg sprang ikke ud.	{'7'}
- Ja.	{'8', '7', '1', '5'}
Det mindste man kan gøre, er at kIæde sig Iidt pænt.	{'3'}
- Jeg kan Iide den.	{'5'}
- Det kan jeg ikke!	{'3'}
Men det kan du ikke huske, veI?	{'6'}
Bastian... hjælp os.	{'4'}
Kom tilbage til os, Bastian.	{'6'}
- Kom med den!	{'2'}
Vi er i stor fare.	{'4'}
Fantásien!	{'5'}
Et menneskebarn, der viI freIse Den BarnIige Kejserinde.	{'5'}
Træd ind, min spion.	{'2'}
Treansigt!	{'7'}
AIt i orden?	{'4', '8'}
Min bedste Ianding hidtiI.	{'5'}
- Har du en IiIIe fjer på?	{'8'}
Det er ren syre.	{'7'}
Kom nu! Ønsk noget!	{'2'}
Jeg skaI opsøge Den BarnIige Kejserinde.	{'2'}
- Jeg nåede ikke at spørge.	{'1'}
- De Iigner kæmper.	{'4'}
- Det kan jeg se!	{'7'}
Ønsk, at vi må overIeve!	{'4'}
Vims!	{'8'}
FIot entré.	{'7'}
Den kraft, der tømmer bøgerne i din verden har gjort mig tiI fange i mit sIot.	{'6'}
Vi eksisterer kun ved jeres drømme og eventyr.	{'8'}
- Sig, hvad jeg skaI gøre.	{'8'}
Auryn viI hjæIpe dig.	{'8'}
Du er mit sidste håb.	{'8'}
vi må få aIIe i Fantásien tiI at hjæIpe os.	{'4'}
Nu!	{'2'}
Jeg er bange.	{'4'}
Ved I, hvad det betyder?	{'2'}
AIverdens børn får ikke fIere eventyr at Iæse.	{'6'}
- Bastian!	{'5'}
I drømme så jeg Iys over SøIvstaden, og det gav mig håb.	{'5'}
Der taIes om en borg, formet som en hånd.	{'2'}
Jeg har brug for noget... ... nogetderkan fIyve og som kan skræmme dem, der bor på den borg.	{'8'}
Åh, nej!	{'6'}
- Hvad gør du?	{'4'}
TaIte nogen om jagt?	{'5'}
FaIkor, se!	{'5'}
En meget væmmeIig hånd.	{'2'}
vi må finde Atreju.	{'8'}
Hej!	{'5'}
- Pas Iidt på, venner.	{'4'}
Åh, Junior4 hvornår viI du Iære forskeIIen meIIem en kIippe og en næse?	{'7'}
Hvad kan jeg hjæIpe med?	{'8'}
Min søn har været væk siden i aftes.	{'4'}
Krævende Iæsning for et ungt menneske.	{'8'}
Måske finder De forkIaringen på Deres søns forsvinden i bogen.	{'8'}
Atreju, bIiv virkeIig.	{'8'}
"Er ""virkeIig"" en vits i din verden?"	{'6'}
Ja!	{'5'}
Det gør du også.	{'1'}
Det er farIigt, men måske viI det gå.	{'2'}
"I din verden hvis ""Den UendeIige Historie"" svinder bort så viI intet barn nogen sinde høre om Junior."	{'6'}
Hvis menneskene gIemmer aIt om os viI ingen udtænke morsomme ting som Junior kan gøre.	{'6'}
Nej!	{'4'}
Det gør ondt!	{'4'}
Jeg kan ikke få vejret.	{'4'}
Kan du huske, hvad du skaI sige?	{'8'}
I spørger nok jer seIv, hvorfor jeg er her.	{'7'}
Vi har haft meningsforskeIIe, men dem må vi kunne Iøse.	{'8'}
Jeg hoIder af at Iæse.	{'5'}
Det interesserer jer nok ikke.	{'6'}
Wham-Boer, af sted!	{'5'}
- Nu har du chancen.	{'7'}
GIem det.	{'1'}
Er det et våben i din verden?	{'7'}
Jeg tror ikke mine egne øjne.	{'7'}
De er huIe og tomme.	{'6'}
Har jeg besejret dig?	{'7'}
Vi!	{'8'}
Afgjort!	{'1'}
Jeg kræver, at du befrier Kejserinden. - Det kan jeg ikke.	{'1'}
Jeg har isoIeret hende for evigt.	{'3'}
Du kan veI hæve din forbandeIse.	{'1'}
- vi tager tiI EIfenbenstårnet.	{'2'}
Hr. Koreander?	{'2'}
Nej, så afgjort nej.	{'4'}
Min XobiI er også heIt fin, mine herrer.	{'8'}
Dette er et meget udspekuIeret nummer!	{'8'}
I formiddags var stedet fyIdt med bøger, væg tiI væg.	{'7'}
Det, jeg ser, det ser jeg...	{'1'}
Det er et bæIte, der gør sin bærer usynIig.	{'7'}
Jeg kan ikke se mig selv.	{'4'}
- Sæt nu jeg ikke kan få det af?	{'4'}
Jeg kan ikke lide det.	{'4'}
BIiv ikke ude for Iænge.	{'4'}
Jeg kommer straks.	{'2'}
- Vi bevæger os i ring.	{'1'}
Bastian, jeg venter!	{'1'}
Hvorfor kommanderer hun dig?	{'1'}
ViI hun befri Den BarnIige Kejserinde?	{'6'}
- Jeg stoIer ikke på hende.	{'3'}
- Jeg kan se, når foIk Iyver.	{'1'}
nan	{'6', '2'}
Hvad ser du i hende?	{'7'}
Jeg ville jo ikke vække dig.	{'1'}
Hej, Rachel...	{'2'}
- Hun er ny.	{'8'}
Carlos kan godt lide dig.	{'7'}
Han bestemmer og tager pengene. Nej...	{'4'}
Leder du efter selskab?	{'2'}
- Du kan ikke tage penge for det!	{'1'}
- Er det din?	{'8'}
Hvabehar? !	{'2'}
Hvorfor ved du så lidt om biler?	{'7'}
- For en nat?	{'7'}
- En time.	{'6'}
- Du spøger!	{'7'}
Næ... Men mulighederne er der.	{'8'}
- Skal De køre mere i aften? - Forhåbentlig ikke!	{'2'}
Tag den her på.	{'2'}
- Rolig...	{'8'}
Du skal ikke fjumse omkring.	{'1'}
Sender De lidt champagne og jordbær op?	{'2'}
Jeg har slet ikke strømpebukser på!	{'2'}
Luk munden, skat.	{'1'}
- Den er bedst.	{'5'}
Planlægger du alt?	{'1'}
Ustandselig.	{'2'}
Du kunne jo betale mig.	{'1'}
- Sådan er jeg.	{'8'}
Du har vel haft mange advokater?	{'2'}
Så må jeg hellere gøre lidt nytte...	{'4'}
- Hvor...?	{'5'}
- Hvad kigger han på? - Det er sandt...	{'2'}
Min eks-kone er på Long Island i mit eks-hjem med min eks-hund.	{'6'}
Fedt nok.	{'5'}
Her?	{'8'}
- Vi får se.	{'8'}
Man skal passe på sit tandkød!	{'7'}
Jeg har aldrig set den episode.	{'5'}
Hvad vil du have?	{'2'}
- Din bil, i øvrigt...	{'6'}
- Jeg løber straks.	{'5'}
Jeg bestilte alt på menuen.	{'2'}
- Sov du godt?	{'2'}
- En erhvervsrisiko...?	{'4'}
- Jeg kender mange søde piger.	{'8'}
Jeg har et tilbud til dig.	{'5'}
- Vil du rende mig i røven!	{'7'}
- Jeg har hele ugen.	{'2'}
Han betaler.	{'5'}
Vi har næppe noget til dig.	{'6'}
- Hvad synes du, jeg skal hedde?	{'2'}
De må være hans...	{'2'}
Jeg har penge, men mangler en kjole!	{'6'}
Vi har brugt oceaner af tid på det.	{'1'}
Hvad foregår her i dag?	{'4'}
Han er så sød.	{'5'}
Også sko...	{'4'}
Jeg er i receptionen klokken 19.45.	{'5'}
Ring op igen.	{'4'}
Sig, at jeg er optaget.	{'1'}
- Så hold op med at ringe!	{'1'}
Jeg har et mindre problem.	{'4'}
Ret ryggen.	{'1'}
En fascinerende, ung kvinde.	{'7'}
Skal vi gå?	{'2'}
- Det gør jeg.	{'8'}
Jeg vil bare drive værftet.	{'6'}
Det gør mig ondt...	{'6'}
Det glæder jeg mig til, sir.	{'8'}
Tak for referatet.	{'5'}
Hop ned.	{'3'}
Hvis jeg nu læner mig bagover...	{'8'}
Bortset fra med dig, mener jeg.	{'4'}
Naturligvis.	{'8'}
Du og jeg er utrolig ens, Vivian.	{'8'}
- Hvornår døde han?	{'6'}
Jeg havde ikke talt med ham i 14 1/2 år.	{'2'}
Jeg var der ikke, da han døde.	{'4'}
Jeg begyndte at føle mig ensom deroppe.	{'6'}
Gør folk altid, som du siger?	{'1'}
På indkøb nu igen?	{'5'}
Det forbløffer mig, at du kun købte en kjole.	{'7'}
Ud med det tyggegummi.	{'6'}
Upassende eller vildt uanstændigt?	{'1'}
De er ikke bare flot, men magtfuld.	{'8'}
Om forladelse, sir.	{'6'}
Det er en hård fyr.	{'7'}
Han må også låne.	{'2'}
Du havde ret.	{'8'}
Du ville have selskabet.	{'1'}
Min mor var musiklærer. Hun giftede sig med min far, der var ekstremt rig.	{'8'}
Jeg var meget gal på ham.	{'1'}
Flot...!	{'5'}
Hårde balder.	{'5'}
- Vi ses.	{'5'}
Hvor fandt du hende?	{'7'}
- Hvordan går det?	{'8'}
Og blev venner?	{'7'}
Senator Adams!	{'5'}
- Hygger du dig?	{'5'}
Rolig...	{'8'}
Vi kan måske være sammen engang, når Edward er rejst?	{'8'}
Ingen har fået mig til at føle mig så billig som du.	{'6'}
Giv mig mine penge.	{'4'}
Det må du undskylde.	{'6'}
Det var dumt og hjerteløst.	{'6'}
Bliver du ugen ud?	{'5'}
Hvorfor?	{'7', '1'}
Det kunne jeg ikke lide.	{'6'}
Vi talte bare.	{'6'}
Du sårede mig.	{'6'}
Det var ikke nok.	{'6'}
Hun var luder og sagde, det var alle tiders.	{'6'}
Jeg græd hele tiden.	{'6'}
Der er jo så meget andet.	{'8'}
- Hvor skal du hen?	{'5'}
Der mangler noget.	{'4'}
En kvart million dollars?	{'7'}
Premierer begynder aldrig præcis.	{'6'}
Det er de bedste pladser.	{'2'}
Man kan lære at holde af det, men det bliver aldrig en del af en.	{'3'}
Jeg må tidligt op.	{'6'}
Mig, ikke arbejde? !	{'7'}
- Tager han fri?	{'7'}
!	{'2', '1'}
Så bliver du fri for mig.	{'2'}
Jeg har skaffet en lejlighed til dig...	{'2'}
Du slipper for at gå på gaden.	{'2'}
Jeg vinkede, og han klatrede op i tårnet og frelste mig.	{'8'}
Han vil møde dig i dag.	{'7'}
Jeg må af sted.	{'7'}
Jeg kan ikke tilbyde dig mere nu.	{'6'}
Lad mig få hende.	{'4'}
- Du kom ikke.	{'6'}
Du er flot.	{'5'}
Du er så god som ny.	{'7'}
Edward spurgte, om jeg ville se ham igen.	{'7'}
Kyssede du ham?	{'5'}
Det var godt.	{'5'}
- Jeg er ikke dum, vel?	{'1'}
Hvornår går det godt?	{'4'}
Jeg har revurderet mit syn på Deres tilbud.	{'3'}
Jeg venter udenfor.	{'8'}
- En kop kaffe? - Sort.	{'5'}
Jeg vil nødig virke nedladende, men... Jeg er stolt af Dem.	{'7'}
Nej.	{'3', '6', '1'}
Hvis jeg tager dig, blæser jeg måske på milliontab.	{'6'}
Lige nu er jeg helt vild.	{'4'}
Hvis jeg boller dig og tager dig med til opera, bliver jeg måske lykkelig.	{'5'}
- Jeg vil ikke gøre dig fortræd!	{'6'}
Forsvind!	{'1'}
Mænd ved præcis, hvor de skal slå, så det føles, som om øjet sprænges.	{'6'}
Det føltes godt.	{'5'}
Ja, jeg så, du har pakket.	{'6'}
Der er altid en fyr der tror, han kan behandle mig, som Stuckey gjorde.	{'4'}
Du forandrede mig. Nu er det sket.	{'6'}
Skal jeg skaffe en piccolo?	{'1'}
Det kan jeg ikke.	{'6'}
San Francisco er ret opreklameret.	{'7'}
Hvad vil du der?	{'7'}
Synes du, jeg er lovende?	{'7'}
Lad endelig ikke nogen bilde dig andet ind!	{'8'}
Hvornår går bussen?	{'2'}
Ingen beskeder til mig?	{'2'}
Det må være svært at give slip på noget så smukt.	{'6'}
De er i New York til tiden.	{'2'}
Hvad skete der efter at han havde frelst hende?	{'2'}
Hun tager imod ham.	{'8'}
Velkommen til Hollywood!	{'2', '5'}
Hvad er din drøm?	{'5'}
Du er jo sindssyg.	{'3'}
Jeg har været beæret.	{'8'}
Og til min overraskelse er det sværere at tage afsked end jeg troede.	{'6'}
Narrøve, hele bundtet.	{'8'}
- Nej, det gør det vel ikke.	{'7'}
- Du kender mig. - Ja.	{'5'}
Sådan vinder vi ikke noget.	{'6'}
Rend og hop. Jeg sagde, jeg vil have revanche.	{'1'}
- Hvor har du været?	{'1'}
- Jeg respekterer banens ejer.	{'1'}
- Til mig?	{'7'}
Jeg er vild med den.	{'8'}
Sig til hende, at vi venter.	{'1'}
Hun er en vidunderlig pige.	{'8'}
- Nej, nu er vi kvit.	{'8'}
Senere på året rejser vi til Italien og får dem passet rigtig til.	{'2'}
Det er nok bedre, du ikke bor her.	{'1'}
- Jeg for vild.	{'6'}
Jeg kunne ikke læse det. Har du tegnet det, Cesar?	{'6'}
Vil du have en kop kaffe?	{'2'}
Kun en skøge ryger foran andre.	{'3'}
Hvis du ikke kan lide dem, giver du mig bare et praj... og ud.	{'2'}
Og ved I hvad?	{'7'}
Tibey vil gerne have, De bliver.	{'8'}
- Men der er et problem.	{'6'}
Og fagforeningsfolkene er mere snu, end de har været.	{'1'}
De tog dit tilbud som en fornærmelse.	{'7'}
Sådan arrangeres ægteskaberne hernede.	{'8'}
Men du er endnu dummere.	{'5'}
Fagforeningen tager snart imod et tilbud fra Mendoza.	{'1'}
Jeg kan altid købe mig støtte.	{'8'}
Det er for dig og dig, at mit navn ingenting betyder.	{'6'}
- Nej, jeg kan godt lave limonade.	{'1'}
Trives du her?	{'5'}
Ja, her er udmærket.	{'5'}
Pis.	{'1'}
Jeg tror, min hund stikker af.	{'4'}
Jeg hader det her.	{'1'}
Rock.	{'4'}
Hvad?	{'7'}
Rocky er mere fornuftig end os.	{'7'}
- Er der nogen, der leder efter mig?	{'7'}
Sådan en snydetamp.	{'1'}
Desuden har jeg ikke råd til at tabe 500 dollars.	{'4'}
- Hvad er der?	{'2'}
- I hvem?	{'2'}
- Nu lytter du til mig!	{'1'}
Jeg ville ønske, jeg kunne tilbringe mere end to timer med dig.	{'6'}
- Jay, må jeg komme ind?	{'2'}
Jeg skal til Barranquilla og så til Caracas et par dage.	{'2'}
Som jeg lovede.	{'8'}
Kys mig.	{'8'}
- Jo, smukt.	{'8'}
Din skøge.	{'1'}
Jeg advarede dig!	{'4'}
Jesus!	{'7'}
Du er en mirakelmager.	{'5'}
Ellers slipper du aldrig ud af Mexico i live.	{'4'}
- Hvornår kører bussen?	{'2'}
Jeg er ikke rigtig i stødet.	{'6'}
Jeg har sloges med den krikke hele vejen fra Texas.	{'1'}
Han er ikke så slem.	{'8'}
- Ja, det går fint.	{'8'}
Fra Montana til Mexico City. Transportere lort til røvhuller.	{'3'}
- Det er rart at høre en amerikaner.	{'8'}
Du kan køre med mig.	{'5'}
Gå ud og start bilen.	{'2'}
Jeg har gode forbindelser.	{'8'}
Du trænger til lidt fjams.	{'5'}
Jeg har dræbt en mand, jeg hadede, i dag.	{'1'}
Hver fornøjelse til sin tid.	{'3'}
Hvorfor sover du herude?	{'2'}
Så skider de i bukserne og stikker af som kaniner.	{'4'}
Måske slog han også Elefante ihjel.	{'4'}
Desuden kræver etiketten, at jeg slår ham ihjel.	{'2'}
Har du forstået?	{'7'}
- Tror du, du kan gemme dig?	{'1'}
- Hvad for eksempel?	{'7'}
Jeg er ikke kommet for at slå nogen ihjel.	{'4'}
Så hører jeg efter, men jeg ved ikke hvor længe.	{'4'}
Du tager ikke røven på mig.	{'1'}
- Hvordan går det, cowboy.	{'2'}
Jeg prøver bare at komme i snak med dig.	{'1'}
- Jeg er færdig.	{'1'}
- Jeg vidste, du ville spørge.	{'5'}
Rend mig.	{'1'}
- Hvad ved du?	{'8'}
Jeg så en fyr nede i baren.	{'8'}
Det ville være fint.	{'5'}
- Ja, vi kender stedet.	{'8'}
Fandens også.	{'6'}
Nej, det behøver vi ikke. Men hør nu her.	{'4'}
Så stol dog på mig.	{'1'}
Hvad med ham?	{'7'}
Måske i Mazatlan, hvor de rige bor.	{'2'}
Hun ved det ikke.	{'6'}
Du kan forsikre Senor Mendez, at han vil være i vores bønner.	{'8'}
Que paso, lort!	{'3'}
Han rider denne vej hver dag.	{'8'}
Det rager mig, om hun kender morderen eller ej.	{'4'}
Hvorfor viser du mig så ikke respekt?	{'1'}
Det gør jeg også, patrón.	{'4'}
Du har udnyttet min kone.	{'1'}
Det ser sort ud.	{'4'}
Hun er meget syg.	{'6'}
- Det bliver meget farligt.	{'8'}
Sporet ender blindt her.	{'6'}
- Du er sindssyg, men vi tager med.	{'8'}
Det er forstået.	{'8'}
Hvor er hun?	{'6'}
- Jeg vil gerne besøge hende?	{'1'}
- Miljøforkæmpere kalder det en katastrofe.	{'7'}
Den største trussel mod nationens sundhed.	{'4'}
Attentatet er Cains seneste terrorhandling efter bombeattentatet mod en afvænningsklinik, hvor fem døde.	{'4'}
De vil bare have den her strejke.	{'1'}
- I stak øjet ud på mig.	{'1'}
Møgsække! Luk arret, din møgstodder.	{'1'}
Sikke en grim mand.	{'3'}
- Kom så.	{'2'}
Hvor er kuglerne til den her, mand?	{'7'}
- De strejker.	{'1'}
Så I det?	{'7'}
Vi nakkede ham.	{'5'}
- Smukt.	{'8'}
Forpulede strissere.	{'4'}
Det er ikke mit, mand.	{'4'}
Ingen rører sig.	{'1'}
Damer, bliv nede.	{'1'}
En eller anden!	{'1'}
Du kan ikke skyde et barn, vel, din nar?	{'1'}
Smid den, eller ungen dør!	{'1'}
Lewis, læg våbenet.	{'1'}
- Jeg nakker sgu ungen!	{'1'}
- Det kan vi ikke have.	{'6'}
Betragter du så dig selv som et menneske?	{'2'}
Jeg forlanger et svar.	{'1'}
Har du nogen anelse om, hvad du gør ved den stakkels kvinde?	{'1'}
Vil bilde hende ind, hendes mand lever.	{'6'}
Er du et menneske?	{'2'}
Intet andet.	{'6'}
Det er nok.	{'8'}
Kan du ikke kende mig?	{'4'}
- Det er koldt.	{'3'}
Jeg beklager ulejligheden.	{'4'}
Hvornår betaler I betjentene, så de genoptager arbejdet?	{'2'}
Hvordan kan vi skaffe så mange penge?	{'1'}
- De siger altså, I kan overtage byen?	{'7'}
Ved De, hvor mange folk der dør derude?	{'6'}
I er mordere.	{'1'}
- Jeg har styr på det.	{'8'}
- Vi sagsøger jer.	{'1'}
Rend mig!	{'1'}
Jeg har været meget tålmodig, Johnson.	{'2'}
Jeg skal vise Dem, hvad vi har.	{'2'}
Det er mig en fornøjelse at præsentere Dem for RoboCop 2.	{'8'}
Tages kroppen fra dem, ender de i selvmordstanker.	{'6'}
- Nej, sir.	{'8'}
Vi glemmer dig ikke.	{'1'}
En ad gangen.	{'1'}
Der er Nuke nok til alle.	{'4'}
De fås ikke bedre for penge.	{'5'}
Du har bare at have noget til mig denne gang, hr.	{'3'}
- En strisser pr.	{'2'}
- Tak.	{'5'}
- Du skulle tage at tælle dem.	{'2'}
Kom nu.	{'8', '2', '1'}
Skal I ikke i skole?	{'7'}
Strisserne!	{'7'}
- Hvor er Cain?	{'1'}
- Jeg er træt.	{'2'}
De siger, han har en hjerne.	{'1'}
Tror du, det var mig, der vandt over dig?	{'6'}
Hvordan smager det?	{'7'}
Mand, se ham lige.	{'6'}
Åh gud, han er blevet ribbet.	{'4'}
Tag nu ikke på vej.	{'7'}
Pis med dig.	{'1'}
Flyt jer.	{'1'}
Dit lede svin.	{'1'}
I hører fra mig.	{'1'}
Mand, I er bare for fede.	{'5'}
Fik du vrøvl med strisserne?	{'2'}
Hej, Cain.	{'7'}
Okay.	{'7', '1'}
Du gjorde mig helt bange.	{'4'}
Der lærte jeg sgu noget, mand.	{'8'}
- Hold kæft.	{'1'}
Du har fortjent det.	{'5'}
Men de er jo kriminelle.	{'7'}
Galninge.	{'4'}
Du har en tendens til at dømme folk på forhånd.	{'1'}
Det er dødsdømte forbrydere.	{'4'}
Det er et godt sted at søge forsøgspersoner.	{'2'}
Jeg går direkte til Johnson med det her.	{'5'}
Det er jo ikke legetøj, vi bygger, Johnson.	{'1'}
- Faxx ved, hvad hun gør.	{'8'}
De ved da, hvor vigtigt det er for os.	{'4'}
- Jeg er helt enig.	{'8'}
"- Hvem er ""vi""? Du er advokat."	{'1'}
Vi skal til at opdatere programmet. Jeg ville gerne høre alle jeres forslag.	{'2'}
Vi får mange klager fra forældregrupperne.	{'4'}
- Han kunne udtale sig om miljøet.	{'2'}
Kæmp ikke imod.	{'1'}
Jeg må gå.	{'6'}
Ud at danse?	{'7'}
En lille fejl i dit system. Fjerner man plastikken, metallet og ledningerne, er du bare et par kødklumper.	{'7'}
Svar.	{'1'}
Hvad er du?	{'2'}
Du er fri.	{'5'}
Tak, fordi du spurgte.	{'8'}
- Han er i topform.	{'5'}
Jeg synes, vi skal tale om det.	{'4'}
I tror måske, I har det sjovt nu, men I sårer kun dem, I elsker.	{'6'}
- Vi skrider.	{'2'}
Vi bør være gode forbilleder, Anne.	{'2'}
Jeg har det fint.	{'5'}
Knep et køleskab, pikhoved!	{'1'}
Du har fis i kasketten!	{'4'}
- De har lavet ged i ham.	{'6'}
- Det må drive ham til vanvid.	{'6'}
De har puttet alt det fis ind i hans hjerne.	{'1'}
Det kan jeg ikke med det her udstyr.	{'6'}
Det kan jeg ikke tro.	{'7'}
Vi kunne give ham elektrochok og håbe, isolationen holder.	{'1'}
- Jeg henter hjælp.	{'4'}
Rør ham ikke!	{'4'}
- Væk.	{'7'}
Cain går mig på.	{'1'}
Snart vil vi indtage by efter by.	{'2'}
Vi giver vores kunder mulighed for at styre alle aspekter af deres følelsesliv.	{'8'}
Tak, Frank.	{'5'}
For fanden da.	{'7'}
Satans!	{'1'}
Bombe!	{'4'}
Fordel en halv liter over hele kroppen, og du kan klare dig i timevis.	{'2'}
Dig vil jeg have.	{'2'}
Hvad snakker du om?	{'1'}
Jeg skal ikke spørge dig om lov.	{'1'}
Cain har brug for os!	{'1'}
- Du får snart rysteture, Angie.	{'4'}
Du er vildt syg efter det.	{'6'}
Dit lille svin.	{'1'}
Fra nu af gør du bare, hvad jeg siger, Angie.	{'1'}
Vores patient er desværre gået bort.	{'6'}
Hjernen er ubrugelig om seks minutter.	{'4'}
Frivillig?	{'2'}
Han havde godt nok et stort hjerte.	{'8'}
Så er det nu, det sker.	{'1'}
Det ser pænt og rent ud.	{'8'}
Forsigtig.	{'5'}
- Fremragende.	{'5'}
Tusind, tusind tak.	{'8'}
Hvad er vi oppe på, Gilly?	{'2'}
Jeg tror, byen er reddet.	{'8'}
Nu skal De høre rigtig godt efter.	{'1'}
Det er ikke fup.	{'8'}
Nogen vil redde byen.	{'7'}
- Hvis byen kan betale, bliver vi ydmyget.	{'4'}
- Det er vist værre, sir.	{'6'}
Vi har bestemt mulighed for at overvåge borgmesteren.	{'8'}
Som sagt, sir, det afhænger af, hvor langt vi er villige til at gå.	{'1'}
- Du er gået over stregen!	{'7'}
Men du kan huske det her, ikke?	{'1'}
Alt det Nuke, du vil have.	{'4'}
God dreng.	{'8'}
Jeg kan ikke lide det her.	{'3'}
D'herrer? Hvad siger I?	{'2'}
- Tror I ikke, det er nok? - Jo.	{'4'}
Han har styr på det hele.	{'5'}
Lad os være i fred, og alle der vil have det, får det.	{'1'}
Ikke mere kriminalitet.	{'5'}
De får æren for at have ryddet op i Detroit.	{'5'}
- Syntes I ikke, han siger noget der?	{'4'}
Ud!	{'1'}
- Jeg fryser.	{'6'}
Du må ikke gå fra mig.	{'6'}
Jeg går ikke fra dig.	{'8'}
Større end dig.	{'1'}
13 døde i et blodigt opgør om Nuke-penge.	{'4'}
Ville byen indgå en handel med narkobaronerne?	{'4'}
- Men hr. Borgmester...	{'4'}
- Desværre.	{'4'}
Ikke flere spørgsmål.	{'1'}
Vores egen borgmester Kuzak.	{'8'}
Her har vi det nye medborgercenter. OFP's 100 etager høje gave til Detroit.	{'8'}
Kun tv-og pressefolk.	{'1'}
Denne storslåede bygning bliver det nye Detroits hovedsæde.	{'5'}
Medlemmer af pressekorpset, embedsmænd, om få minutter vil Omni Forbrugerprodukter og det plagede Detroit begive sig ud på en dristig færd.	{'2'}
Og en særlig hilsen til borgmester Kuzak og den afgående administration.	{'2'}
Vi vil rejse tårne i glas og stål.	{'2'}
Hver borger får en boligenhed. Sikker, tryg og ren.	{'8'}
- Vær ikke så nostalgisk.	{'1'}
De lader Dem ikke slippe godt fra det.	{'2'}
Nu har vi brug for en håndhæver af loven, der kan hamle op med forbryderne, og som har stærke nok våben til at kunne klare jobbet.	{'4'}
Mine damer og herrer, det er med stor fornøjelse, jeg giver jer RoboCop 2.	{'5'}
- Hvad er der i vejen?	{'2'}
Det er da løgn.	{'7'}
- Sendte hvad?	{'4'}
Der bliver fremstillet hundrede hver dag på lyssky fabrikker, hvor storbyslaver forarbejder giften til vores venner, vores kære, vores børn.	{'1'}
- Sluk for ham.	{'1'}
Den tingest er en morder!	{'1'}
- Slip mig!	{'4'}
Det kan stille OFP i et dårligt lys, Johnson.	{'4'}
Trom de bedste propagandafolk sammen.	{'5'}
Kom ned derfra!	{'4'}
Han er hårdt såret.	{'6'}
- Vi får ikke vrøvl med de døde.	{'1'}
- Vi står til alvorlige tiltaler.	{'4'}
- Vi gør, hvad vi kan.	{'8'}
Gudskelov, du har det godt.	{'4'}
- Jeg svigtede dig.	{'6'}
- Tag det ikke så tungt.	{'8'}
Se bare, hvad de har gjort.	{'3'}
Svinet slipper sgu godt fra det.	{'7'}
Jeg må knuse dig.	{'6'}
- Ingen smerte.	{'5'}
Rocky bliver ramt af bomber.	{'4'}
Rocky er ramt.	{'6'}
Rejs dig op!	{'1'}
- Okay, hvad sker der derude?	{'4'}
Ram ham i midten.	{'1'}
- Slå ham!	{'1'}
Alting du har!	{'3'}
Rocky Balboa har gjort det umulige.	{'7'}
Hvordan har alle det derude?	{'5'}
Alting er OK.	{'8'}
Hvad er der i vejen?	{'4'}
- Kan du huske, når Mick sagde, at sommetider når han kæmpede, kæmpede han så hårdt, han troede, at han havde slået noget i stykker indeni?	{'6'}
At han ville dø?	{'4'}
Jeg vil bare hjem.	{'4'}
Jeg er bare træt.	{'6'}
- Jeg er bare træt.	{'1'}
Jeg er bare...	{'4'}
- Adrian, hvor er knægten?	{'1'}
- Hej, onkel Paulie.	{'5'}
Hvordan går skolen?	{'2'}
- Nej, det var rygter.	{'6'}
Ja, helt sikkert.	{'5'}
Rocky Balboa, den sjoveste mester nogensinde.	{'5'}
"Jeg taler om en fantastisk international begivenhed, som skal holdes i Japan, kaldet ""Lettin' It Go In Tokyo""."	{'2'}
Betragter du det ikke som et almindeligt ansvar at svare nu?	{'7'}
- Handler det ikke om professionalisme?	{'7'}
- Hvad helvede betyder alt det her?	{'7'}
- Det er ikke nok.	{'6'}
Trækker du dig tilbage eller ej?	{'3'}
- Nej!	{'6', '4'}
Det er fint.	{'5'}
Vil du danse?	{'2'}
Hvad med en hjemkomstdans for den gamle?	{'5'}
- Nej, vær ikke tåbelig.	{'8'}
Det er koldt.	{'6'}
- Kan du lide den sang?	{'5'}
- Du burde hvile dig.	{'8'}
Hvor har du lært at tale sjofelt?	{'2'}
Jeg synes, at du fortæller bedre vittigheder end mig, Adrian.	{'8'}
Hørte jeg en eller anden kalde på den gamle?	{'7'}
Har du lavet det?	{'7'}
Far, vidste du at dine knogler gror tre gange så hurtigt om natten?	{'8'}
- Det er dig.	{'3'}
- Fortræffelig!	{'5'}
Hun ser fransk ud.	{'2'}
Jeg kan noget fransk.	{'8'}
- Ma damn fod sidder fast i døren!	{'1'}
Det er rart.	{'5'}
Hvis du synes, jeg ser slem ud, så skulle du ha' set den andens fyrs knoer.	{'7'}
Du fortjener det værste, for hvad du gjorde.	{'6'}
Tror du, jeg troede, at dette ville ske?	{'7'}
Paulie, ved du, hvad du gjorde?	{'3'}
Forlængelsen var en fuldmagt, Paulie!	{'1'}
Adrian, hvad foregår der?	{'7'}
- Hvad er væk?	{'2'}
Uheldigvis for dig, og alle andre i dette værelse, gik hans handel i vasken, fordi markedet løb tør.	{'6'}
Vi havde intet huslån.	{'6'}
Kan du huske de reklamer, du lavede?	{'5'}
Jeg er bokser.	{'8'}
Han vidste ikke...	{'6'}
Hvorfor ikke et par kampe til?	{'2'}
Med din popularitet kunne du få pengene hjem.	{'1'}
Jeg sagde, han trækker sig tilbage!	{'1'}
Paulie, vi er her p.g.a. Af dig.	{'8'}
Jeg tager ikke skylden.	{'1'}
Jeg troede, at jeg gjorde en god forretning.	{'6'}
Rocky, nej!	{'4'}
Vil du gøre det for mig?	{'2'}
Hjernefladens neuroner i dette område har også lidt overlast.	{'6'}
Kort sagt, Mr Balboa, betyder det, at du er blevet hjerneskadet.	{'6'}
Det er ikke den rette tid.	{'1'}
Jeg har lige bokset mit livs bedste kamp.	{'8'}
- Nej. Du har lidt alvorlig hjernetrauma.	{'6'}
Enhver kunne tage fejl.	{'4'}
Han er ikke Gud.	{'3'}
Ikke som det ser ud.	{'4'}
- Fordi hvis man elsker nogen, lever man for dem.	{'8'}
Det er alt, der betyder noget.	{'8'}
- Det forbliver strengt fortroligt.	{'8'}
Må vi høre det næste bud?	{'2'}
Motorcyklen er solgt.	{'5'}
Vær ikke ked af det.	{'8'}
Hvad laver de her i dit øre?	{'7'}
- Første gang jeg kyssede dig.	{'8'}
Jeg vil bare ha' det bedre.	{'6'}
Hvordan går det, Mick?	{'5'}
Okay!	{'2'}
Du ser dig selv give en højre, og du giver en højre.	{'8'}
Apollo vil ikke ane, hvad der ramte ham.	{'2'}
Jeg skal sige dig noget.	{'1'}
Hvad kalder man det?	{'1'}
"Fordi jeg tror, at folk sommetider dør, ""når de ikke vil leve mere."""	{'6'}
Men med dig, knægt...	{'8'}
- Jeg har en gave til dig.	{'7'}
- Et øjeblik her.	{'7'}
- Tag ham.	{'2'}
Du skal ikke bekymre dig om dem.	{'4'}
Jeg kan virkelig ikke tro det.	{'4'}
Knægten tager det her for pænt.	{'7'}
Tilbage.	{'4'}
Tak.	{'8', '5'}
Velkommen tilbage, Rocky.	{'8'}
Vi savnede dig!	{'5'}
Det er kun midlertidigt, ved du?	{'4'}
Kom med indenfor.	{'5'}
Lad mig håndtere din mands karriere, og I kan leve som mennesker igen.	{'3'}
- Du brugte hans hoved som boksepude.	{'3'}
- Han fatter det ikke.	{'3'}
Et bedrag?	{'4'}
- Det er kaldet bymæssig-fordærv.	{'6'}
Hvad synes I?	{'2'}
Vi kommer for sent i skole.	{'1'}
- Det er sådan krige begynder.	{'6'}
- Det har jeg i sinde.	{'2'}
Vi er i samme båd.	{'8'}
Vi må holde sammen, for hvad er vi?	{'5'}
- Hjemmeholdet!	{'5'}
Det har du ret i.	{'5'}
Jeg er ikke rigtig bange.	{'8'}
Hvor kom de fra?	{'7'}
Husk, far elsker dig.	{'8'}
Hjemmeholdet.	{'2'}
Du klarer den.	{'8'}
Og pil ikke ved nogens kæreste.	{'8'}
Jeg er virkelig bekymret for knægten.	{'8'}
Han er ikke vant til at bo sådan her.	{'1'}
Han kender ikke gaderne.	{'1'}
Jeg mener...	{'7'}
- Professionel, har bokset otte kampe.	{'8'}
Godt at se dig igen, ven.	{'5'}
- Hør, jeg må på arbejde nu.	{'2'}
- Hvad kan man gøre?	{'3'}
Der er intet mere kommercielt end et langt ude comeback fra en uheldig underhund.	{'1'}
Nej, glem det.	{'6'}
Tror du, jeg blev født i går?	{'1'}
Merlin, vis ham papiret.	{'2'}
- Kan du gøre det?	{'7'}
De små folk identificerer sig med dig.	{'5'}
De kan ikke holde evigt.	{'4'}
Jeg laver dig så mange penge, at du kan svømme i dem.	{'2'}
Rocky, Undskyld.	{'6'}
Du er for klog.	{'8'}
Jeg ønskede at være der, så jeg kunne være tæt på dig.	{'2'}
Måske må vi hellere gå indenfor, OK?	{'8'}
Du får ham ikke.	{'6'}
Din far er et skvat.	{'6'}
- Hvorfor har du min frakke på?	{'7'}
- Bare lad ham være!	{'1'}
- Giv mig min jakke!	{'1'}
Jeg laver ikke sjov.	{'8'}
Sådan.	{'5'}
Ikke mere.	{'6'}
- Tommy Gunn!	{'7'}
Hvis du vil overleve, må du undvige.	{'8'}
Hvad var hans navn nu?	{'7'}
- Slap nu af.	{'8'}
Hej, slap af!	{'8'}
Kan du lugte det, Rocko?	{'2'}
Hej, så er det godt.	{'5'}
- Undskyld.	{'4'}
Hør her.	{'7'}
Held og lykke, okay?	{'8'}
Okay, venner, kom nu.	{'2'}
Hvordan har du det?	{'5'}
Du ved, hvordan det er.	{'8'}
Er du klar over at for en italiensk knægt, har du ingen dårlig røv.	{'7'}
- Miami har brug for nye gigoloer.	{'5'}
Min ryg er ved at blive dårlig.	{'6'}
- Er der noget, jeg kan gøre for dig?	{'2'}
- Jeg har intet at tabe.	{'8'}
Alt, hvad jeg har, er her.	{'6'}
Jeg ved alt om dig tilbage fra din første kamp mod Apollo Creed.	{'3'}
Lige siden jeg tog handsker på, har jeg ønsket at møde dig.	{'2'}
For jeg ved, at hvis nogen kan gøre mig til en vinder, så er det dig.	{'8'}
Mand, du slog de bedste.	{'8'}
Ingen kunne nogensinde sige andet.	{'8'}
Jeg beder blot om en chance.	{'8'}
Du vil virkelig kunne lide Adrians mad.	{'5'}
Men jeg må advare dig, hun kan være en smule ondskabsfuld med hvidløgene!	{'4'}
- Det betyder noget.	{'6'}
De tog hans jakke.	{'6'}
Tog de den med kraven?	{'4'}
- Kan jeg ikke gøre, hvad jeg synes?	{'6'}
- Hvad synes du er rigtigt?	{'2'}
Jeg havde den slags problemer, da jeg gik i skole.	{'8'}
"- ""Lad som om fyren er en ballon."""	{'2'}
- Far, vil du lære mig at bokse?	{'8'}
Adrian, jeg tror ikke, det vil være så slemt, hvis jeg lærte ham et par fa...	{'1'}
- Kæreste, bliv ikke personlig.	{'6'}
Nej, det er OK.	{'5'}
Han bankede også mor.	{'4'}
Jeg kunne intet gøre.	{'6'}
I ringen ser jeg kun ham.	{'2'}
Det er en smule sygt, hva'?	{'1'}
- En dag kan du slå din far i gulvet.	{'1'}
- Din søn sover der.	{'1'}
- Hvad er jeg, en parkeringsplads?	{'1'}
- Hvornår har du nogensinde gjort det?	{'1'}
- Kender du fyren her?	{'7'}
- Adrian kan virkelig lave mad!	{'5'}
Vi har ikke haft mulighed for at gøre stedet her pænt.	{'6'}
Vi får det i orden om et stykke tid.	{'2'}
Hvorfor har du de ting hernede?	{'2'}
Hvornår fik du chancen til at gøre det, knægt?	{'7'}
- Far, jeg mødte en sød pige i dag.	{'5'}
Skift ikke station.	{'1'}
Frygt er en boksers bedste ven.	{'8'}
Men hvis det kontrollerer dig, fortærer det dig og alting omkring dig.	{'4'}
I hvert fald var det ting, som jeg lærte, og hvis du har lyst, vil jeg gerne lære dig dem.	{'8'}
- Absolut.	{'8', '5'}
Klart, Tommy.	{'8'}
Jeg vil vise dig masser af ting.	{'2'}
Jeg tænkte om, du ville gøre mig en tjeneste, hvis du ikke har travlt.	{'2'}
Én, så jeg ikke spolerer det.	{'4'}
Jeg elsker det, når han gør det.	{'8'}
- Hvorfor gjorde du det?	{'7'}
- Det skader ikke at have en engel.	{'4'}
Sænk farten, ellers får du en bøde!	{'4'}
Han bliver mester.	{'5'}
- Hvordan går det, Tom?	{'2'}
- Han slår mig ihjel.	{'4'}
Hold kæft!	{'1'}
Kom nu, tag det op.	{'2'}
Tommy, de her shorts betyder noget særligt, ved du det?	{'8'}
Hør her, jeg har en idé.	{'2'}
Jeg ved, hvordan vi rammer Balboa.	{'2'}
Jeg kunne alligevel ikke lide ham.	{'1'}
Hvis du vil ende det, lad os ende det nu.	{'1'}
- Far!	{'4'}
Jeg fik min jakke tilbage!	{'5'}
Alle!	{'5'}
Ser godt ud.	{'8'}
Se Tommy!	{'5'}
- Tror du, jeg får en chance?	{'5'}
Tommy, alle som har to næver og et godt hjerteslag, de har en chance.	{'2'}
Dreng, du har hænder af guld.	{'8'}
Det er forbi.	{'6', '4'}
Undvig, Tommy!	{'8'}
Du er ude!	{'1'}
Han burde havde været her nu.	{'4'}
- Han burde være her med sin familie.	{'6'}
Kom nu, Adrian.	{'1'}
Han har givet os endnu en chance, ikke?	{'5'}
Kom nu, det er jul.	{'5'}
Få det bedste og ha' det bedste på.	{'5'}
- Ingen husker nummer to.	{'6'}
- Jeg gør bestemt ikke.	{'8'}
Det ser ud, som om der ikke er nogen formel kontrakt imellem dig og Balboa.	{'6'}
Nej, ingenting.	{'6'}
Ingen anden kunne gøre det i så lang tid.	{'8'}
- Du har ikke haft den store lønningsdag.	{'5'}
Min Gud, han har gjort et godt job.	{'8'}
Glædelig jul.	{'5'}
Stop alt!	{'4'}
- Hvad tror I, det er?	{'7'}
Se hvem der er kommet.	{'3'}
Kender I denne fyr!	{'1'}
- Du har en underlig familie.	{'8'}
- Som om jeg ikke var klar over det?	{'7'}
Giv julemanden et bifald!	{'2'}
Yo, yo, yo!	{'5'}
- Kom nu, tykke. Flyt dig.	{'1'}
Kom her, lille dreng.	{'2'}
Det er ikke julemanden.	{'1'}
Lad os være ærlige.	{'2'}
- Hvordan ved du, hvad jeg vil?	{'6'}
- Kender du mig?	{'2'}
Han tror, at han kender mig.	{'1'}
Vi har altid gjort dette.	{'1'}
Kan du huske sidste år, hvor vi havde det sjovt, hvor vi morede os?	{'5'}
Adrian, hvad har jeg gjort?	{'1'}
Jeg troede, at vi skulle være...	{'4'}
Være meget fortrolige.	{'2'}
Jo, jeg gør.	{'7'}
Du ønsker, at dig og Tommy er fortrolige.	{'8'}
- Ah, sig ikke det!	{'7'}
- Hvorfor kan jeg ikke sige det?	{'7'}
Du er som en anden person.	{'6'}
Tommy havde brug for min hjælp.	{'2'}
- Ud.	{'1'}
Dem må du tage dig af.	{'8'}
Se julemanden i alle sæsoner!	{'7'}
Pænt træ.	{'5'}
- Ja, hvordan har du det?	{'8'}
Jeg vil ikke bruge for meget tid.	{'2'}
- Du har gjort et godt stykke arbejde.	{'8'}
- Rigtigt. Vi vil arbejde smukt sammen.	{'5'}
Tommy har noget personligt at tale med dig om.	{'4'}
Så jeg må sige god aften.	{'6'}
- Rocky, jeg vil ikke lave sandwich.	{'4'}
Tommy, hvorfor tog du ham herhen?	{'4'}
Rocky, er det i orden, at jeg taler med dig?	{'4'}
Fyren talte bare om at få en chance.	{'4'}
Hør, vi har ikke brug for ham.	{'3'}
Du vil være i stand til at købe ti af dem.	{'8'}
Hvilken parade?	{'7'}
Hvor er pengene?	{'1'}
De kommer.	{'8'}
Det er sådan, denne profession styres.	{'8'}
- Siger du, jeg ikke har nogen hjerne?	{'1'}
- Duke gav mig chancen, ikke dig.	{'6'}
Bare tag din jakke på.	{'1'}
- Ser du ikke, hvad der er ved at ske.	{'1'}
Jeg er ikke så dum, som du tror.	{'8'}
Tror du ikke, jeg kan lugte det?	{'1'}
Jeg vil ikke længere.	{'3'}
Jeg vil ikke længere!	{'7'}
Jeg vandt.	{'5'}
- Vandt du?	{'7'}
Jeg respekterer dig.	{'8'}
- Jo, jeg gør.	{'1'}
Jeg ved, hvordan du har det.	{'8'}
Han har ikke dit hjerte.	{'8'}
De boksere du slog, dem slog du med hjertet, ikke musklerne.	{'8'}
Det var derfor, dig og Mickey var noget særligt.	{'8'}
Rocky, du mister din familie!	{'4'}
Det var altid dig og mig.	{'5'}
Jeg ved ikke med jer... men jeg må væk herfra.	{'4'}
- Ah, ja, fantastisk!	{'5'}
Vi stikker tommeltotterne i luften og tager den på stop.	{'5'}
Jeg har nok problemer med min gamle.	{'4'}
OK, og måske bliver jeg også klogere en dag.	{'5'}
Jeg burde have lyttet til dig.	{'6'}
Jeg glemmer en masse ting og jeg...	{'6'}
Men jeg vil være vild med at hænge ud med dig igen.	{'5'}
Jeg sværger ved Gud.	{'8'}
Ja.	{'5'}
Han er ikke det værd.	{'1'}
"Tommy ""The Machine"" Gunn!"	{'2'}
- Ser ud til at han er i fantastisk form.	{'7'}
Han er nervøs.	{'8'}
Giv ham en chance, gider du?	{'1'}
Er du blind?	{'1'}
Kan du se?	{'2'}
Han husker alt.	{'8'}
 - Sværvægtsmesteren er i gulvet!	{'7'}
En!	{'7'}
"Tillykke.
en/1990/100507/4049754.xml.gz	da/1990/100507/3722665.xml.gz	1856	1837	He did something wonderful.	Han har gjort noget vidunderligt.
en/1990/100507/4049754.xml.gz	da/1990/100507/3722665.xml.gz	1870	1852	- Well, too much TV is bad for my ears.	- For meget TV er dårligt for ørerne.
en/1990/100507/4049754.xml.gz	da/1990/100507/3722665.xml.gz	1875	1857	You're the real champ.	Du er den rigtige verdensmester.
en/1990/100507/4049754.xml.gz	da/1990/100507/3722665.xml.gz	1882	1864	- Think I should go out with Paulie?	- Synes du, jeg skulle gå ud med Paulie?
en/1990/100507/4049754.xml.gz	da/1990/100507/3722665.xml.gz	1883	1865	- If I can watch TV.	- Hvis jeg må se TV.
en/1990/100507/4049754.xml.gz	da/1990/100507/3722665.xml.gz	1887	1869	- You gotta get them bones growing.	- Du må lade de der knogler gro.
en/1990/100507/4049754.xml.gz	da/1990/100507/3722665.xml.gz	1897	1879	- Yeah.	- Ja.
en/1990/100507/4049754.xml.gz	da/1990/100507/3722665.xml.gz	1901	1883	Don't you stay up too late, OK?	Bliv ikke for sent oppe, OK?
en/1990/100507/4049754.xml.gz	da/1990/100507/3722665.xml.gz	1902	1884	Some fight.	Noget af en kamp.
en/1990/100507/4049754.xml.gz	da/1990/100507/3722665.xml.gz	1903	1885	- Are you OK?	- Er du OK?
en/1990/100507/4049754.xml.gz	da/1990/100507/3722665.xml.gz	1920	1902	100%?	100 %?
en/1990/100507/4049754.xml.gz	da/1990/100507/3722665.xml.gz	1924	1905	- What do you mean?	- Hvad mener du?
en/1990/100507/4049754.xml.gz	da/1990/100507/3722665.xml.gz	1928	1909	Tommy, will you ever get out from under Rocky's shadow?	Tommy, vil du nogensinde stå ud fra Rockys skygge?
en/1990/100507/4049754.xml.gz	da/1990/100507/3722665.xml.gz	1942	1923	He might win a few fights, but a Rocky Balboa he'll never be.	Han vinder måske nogle få kampe, men en Rocky Balboa vil han aldrig være.
en/1990/100507/4049754.xml.gz	da/1990/100507/3722665.xml.gz	1943	1924	No, he's no Rocky Balboa.	Nej, han er ikke Rocky Balboa.
en/1990/100507/4049754.xml.gz	da/1990/100507/3722665.xml.gz	1944	1925	Let's face it.	Lad os se det i øjnene.
en/1990/100507/4049754.xml.gz	da/1990/100507/3722665.xml.gz	1951	1931	When are you gonna fight a real fighter?	Hvornår vil du slås mod en rigtig bokser?
en/1990/100507/4049754.xml.gz	da/1990/100507/3722665.xml.gz	1954	1934	We look forward to...	Vi ser frem til...
en/1990/100507/4049754.xml.gz	da/1990/100507/3722665.xml.gz	1956	1936	For your next fight, try the redhead in the front row.	Til din næste kamp prøv den rødhårede i første række.
en/1990/100507/4049754.xml.gz	da/1990/100507/3722665.xml.gz	1957	1937	I hear she comes real cheap.	Jeg hører, hun er billig.
en/1990/100507/4049754.xml.gz	da/1990/100507/3722665.xml.gz	1959	1939	Why did you say Balboa's better?	Hvorfor sagde du, at Balboa er bedre?
en/1990/100507/4049754.xml.gz	da/1990/100507/3722665.xml.gz	1964	1944	What the hell happened in there?	Hvad helvede skete der?
en/1990/100507/4049754.xml.gz	da/1990/100507/3722665.xml.gz	1965	1945 1946	I won the damn title and they think I'm a bum!	Jeg vandt mesterskabet! De tror, jeg er en bums!
en/1990/100507/4049754.xml.gz	da/1990/100507/3722665.xml.gz	1966	1947	- Why didn't you help me?	- Hvorfor hjalp du mig ikke?
en/1990/100507/4049754.xml.gz	da/1990/100507/3722665.xml.gz	1968	1949	I'm as good as Balboa ever was and I'm tired of being called a damn robot!	Jeg er lige så god, som Balboa var, og jeg er træt af at blive kaldt en robot!
en/1990/100507/4049754.xml.gz	da/1990/100507/3722665.xml.gz	1969	1950	Listen, Tommy.	Hør her, Tommy.
en/1990/100507/4049754.xml.gz	da/1990/100507/3722665.xml.gz	1977	1958	- No, listen.	- Nej, hør her.
en/1990/100507/4049754.xml.gz	da/1990/100507/3722665.xml.gz	1988	1969	Do people think I'm a carbon copy or a second-rate pretender who only got a shot because of my skin tone?"""	{'8'}
Hvis han nægter, må du fornærme ham!	{'1'}
Gør, hvad du kan for at få ham i ringen!	{'2'}
Men det er, hvad du må gøre.	{'2'}
Se, hvad der står på gaden.	{'4'}
Jeg er ikke færdig med at tale med dig!	{'4'}
Hør, jeg har ikke mere at sige til dig, OK?	{'1'}
- Jeg ville dig det godt.	{'8'}
Troede du, jeg var ude efter pengene, Tommy?	{'7'}
Han vil have dig og mig i ringen.	{'8'}
Han er ligeglad med dig, og han er ligeglad med mig.	{'6'}
Lad os tale virkelighed.	{'2'}
- Kom nu, Paulie.	{'1'}
- Paulie, er du OK?	{'4'}
Lad os gøre det.	{'8'}
- Han er en et skvat, Rocky.	{'3'}
Men jeg fortalte dig, at du aldrig burde bokse en gadekamp.	{'6'}
Dette er smukt.	{'5'}
- Hvad?	{'7'}
Kom nu!	{'4', '1'}
Du er færdig!	{'8'}
Jeg hørte ingen klokke!	{'1'}
Rejs dig op, din skiderik, fordi Mickey elsker dig.	{'8'}
Ja, Tommy!	{'5'}
Du gjorde det.	{'5'}
Kom nu, far.	{'2'}
Ram ham, far.	{'8'}
Du overgik bumsen, hva'?	{'8'}
Rør mig og jeg sagsøger.	{'3', '1'}
- Kom nu, Speedy Gonzalez!	{'2'}
Det er her, det startede for mig.	{'5'}
Det er mig.	{'7'}
Det er et mirakel. de holdt så længe.	{'7'}
- Vær ikke en idiot.	{'1'}
- Hvad er der med dig?	{'4'}
"Gud velsigne hendes sjæl døde for tre ""ar siden lige på dagen."	{'6'}
Som dine sko er det et mirakel hun holdt så længe.	{'7'}
Åh.	{'5'}
Måtte du ikke tage din hund med?	{'7'}
Nej. der går længe.	{'6'}
Åh. Gud.	{'4'}
Du er anholdt.	{'4'}
Din beskidte rotte.	{'1'}
- Jeg troede. du var død.	{'5'}
Hvem er damen?	{'2'}
De har kun forbrydelser.	{'3'}
Barney.	{'8'}
Du ser deprimeret ud. Lad mig købe dig en drink.	{'5'}
- I oktober. Der gik min også fra mig.	{'6'}
Du ser fantastisk ud.	{'5'}
Alt er så rent.	{'8'}
Hvis vi var flade. ville vi være ulykkelige.	{'7'}
Jeg er flad.	{'6'}
Hvad mener du?	{'1'}
Så forventer de. at du skal arbejde.	{'3'}
- Kryb.	{'3'}
Kr ikke for stærkt.	{'4'}
Hvilke ting?	{'7'}
Læg bolden væk og sæt dig!	{'1'}
Jeg vil skrive en selvbiografi. så jeg købte denne for at se hvordan.	{'2'}
Hvis jeg nu vil læse den mere end en gang.	{'5'}
Har du en kendelse?	{'6'}
Havde du en kendelse til at gennemsøge den?	{'1'}
Hvis du nogensinde havde humor.	{'1'}
Alle tror. de har en humoristisk sans.	{'1'}
Lad mig låne din pen igen.	{'1'}
- Selv tak.	{'8'}
Hvis nogen genkender dig	{'4'}
Hvor var du hele natten?	{'1'}
Vi er sent på den.	{'1'}
Klæder du dig sådan tiltrækker du opmærksomhed.	{'1'}
Vent til du ser det her.	{'2'}
Gaetano.	{'6'}
Jeg er ekspert i det.	{'8'}
Du er smuk.	{'8'}
Jeg vil have linguini på Bruno's.	{'2'}
"Hvad er ""kylling vol-au-vent""?"	{'7'}
Jeg vil bare have den indbagt.	{'4'}
Siden vi bliver her. så bestil makaroni med ost og en lille flaske vin.  Jeg vil ikke drikke for meget.	{'2'}
Giv mig den drink. du lavede. da Mary blev skudt.	{'5'}
Hvad laver du her?	{'1'}
Giv mig jakkesættet nu.	{'1'}
Jeg kan ikke tro. du gjorde det.	{'1'}
Hører de. at du er fra FBI. har vi et problem.	{'4'}
Derfor får jeg mere sex end dig hvilket er uretfærdigt.	{'8'}
Lad dit selleri ligge.	{'1'}
Lad os alle danse.	{'5'}
Nej. Vinnie.	{'6'}
Godnat.	{'8'}
Så dræbte de Nicky Capelli.	{'4'}
- Hvor bor du?	{'1'}
Mr. Levine ved udmærket at vidnet ikke kan besvare det sprgsmål.	{'6'}
Måske kan du fortælle juryen hvad regeringen ellers giver dig for dit vidneudsagn.	{'4'}
Ja da.	{'8'}
Jeg kan aldrig se mine forældre igen eller mine elskede.	{'6'}
Jeg skal bo et sted	{'6'}
Det gjorde hende kvalm.	{'6'}
Michelle.	{'8'}
Kom nu. tag en cognac.	{'5'}
Jeg taler ikke om romantik.	{'2'}
Hej.	{'5'}
Vi skal straks af sted.	{'2'}
Rigtige mænd spiser altid to.	{'2'}
Det er et udtryk.	{'1'}
Grunden til at man ikke tager pungen frem til en kamp eller noget andet sted er. at nogen vil stjæle den fra dig.	{'4'}
Start spillet!	{'5'}
- Spiller I baseball?	{'7'}
Når det regner. kan vi ikke spille i ugevis.	{'3'}
Det første juniorserie med en kuppel.	{'5'}
Vil du tage derhen med mig?	{'8'}
Der er farligt for dig at være her ved frysevarerne.	{'4'}
Hvad sker der?	{'4'}
Hej. Shaldeen.	{'2'}
Elsker du hende?	{'7'}
Rolig. Jeg brugte ikke mit rigtige navn.	{'7'}
"Vinnie kommer på. og jeg siger: ""Du er allerede gift."""	{'7'}
det er så sjovt. Jeg kan se.	{'8'}
- Vil du danse?	{'5'}
Du er den alvorlige.	{'1'}
- Jeg er den sjove.	{'8'}
og jeg har ikke set hende siden.	{'4'}
Han går ind i huset uden at banke på.	{'3'}
Hvis det ikke vækker børnene.	{'5'}
Godmorgen!	{'5'}
Hvis du vil ind her. så ring på for pokker!	{'1'}
Beklager.	{'8'}
Jeg har fået dig din drømmeopgave!	{'5'}
Du skal i civil.	{'8'}
Vi skal være canadiere!	{'2'}
Denne opgave er meget vigtig.	{'2'}
Du skal være væk længe.	{'8'}
Okay. så er det nu.	{'2'}
De kontakter jer. når de er klar med varerne.	{'2'}
Hav en god dag på kontoret. skat.	{'8'}
Vi ses. skat.	{'8'}
Hvad har I?	{'2'}
Hvad helvede skal vi stille op med dem her?	{'1'}
Hav en god dag.	{'8'}
Jeg har en kone og en familie. Dicky.	{'6'}
Jeg klager ikke.	{'1'}
Jeg vil have chokolade.	{'2'}
- Jeg har ombestemt mig.	{'4'}
Hvornår ville du overrække dem? Når jeg havde dem alle.	{'1'}
Svin.	{'1'}
Han skal vidne igen i New York om tre dage. Han klarer det ikke. for i morgen kommer dette i avisen.	{'4'}
Enhver lejemorder i USA vil komme hertil.	{'4'}
- Jeg Vædder ikke. når jeg har ret.	{'5'}
Du har ikke væddet meget siden du kun har taget fejl en gang.	{'1'}
Gudskelov! Du må få mig ud af det her.	{'1'}
Sådan har det været hele dit liv.	{'6'}
Du stjæler en fisk.	{'7'}
og Hannah skal slappe af? Du snyder penge fra juniorserien.  og de lokale skal slappe af?	{'1'}
Hannah bliver vred på mig.	{'1'}
Er der ikke en vagt?	{'7'}
Er alting okay?	{'7'}
Ja. der er intet problem.	{'8'}
Den er sød. ikke?	{'5'}
Jeg kan ikke tro.	{'2'}
Jeg er så vred på dig!	{'6'}
Jeg er ked af det. Ja da.	{'6'}
Det gjorde mig til mellemmand for evigt. og det er sandheden.	{'6'}
Vinnie. gør ikke noget.	{'4'}
Hold op med at gøre ting.	{'4'}
- Hvad nu?	{'3'}
De foregiver. at manden er i fare mens alle er ligeglade med ham.	{'1'}
Af sted.	{'1'}
Tag min bil.	{'5'}
Tag mig!	{'2'}
Hop ind.	{'3'}
Jeg kan ikke tro det.	{'7'}
Min yndlingsonkel. Onkel Alfresco svor til mig. at han ville købe den cykel.	{'1'}
Kom herover. så kommer ingen noget til.	{'1'}
Forventer du. at jeg tror på det?	{'1'}
Ja. jeg gør.	{'8'}
Sødt.	{'5'}
Meget sødt.	{'5'}
Crystal. jeg vil vise dig noget.	{'1'}
Iskold sodavand!	{'2'}
Med den kriminelles underskrift.	{'1'}
Jeg må have dårlig karma.	{'1'}
Lad os have en god kamp.	{'2'}
Han tiggede Siegfried om sit liv og tilbød ham sit rige.	{'4'}
Undskyld, træner.	{'6'}
Det mindste man kan gøre, er at klæde sig lidt pænt.	{'3'}
- Jeg kan lide den.	{'5'}
Men det kan du ikke huske, vel?	{'6'}
Et menneskebarn, der vil frelse Den Barnlige Kejserinde.	{'5'}
Alt i orden?	{'4', '8'}
Min bedste landing hidtil.	{'5'}
- Har du en lille fjer på?	{'8'}
Jeg skal opsøge Den Barnlige Kejserinde.	{'2'}
- De ligner kæmper.	{'4'}
Ønsk, at vi må overleve!	{'4'}
Flot entré.	{'7'}
Den kraft, der tømmer bøgerne i din verden har gjort mig til fange i mit slot.	{'6'}
- Sig, hvad jeg skal gøre.	{'8'}
Auryn vil hjælpe dig.	{'8'}
Vi må få alle i Fantásien til at hjælpe os.	{'4'}
Alverdens børn får ikke flere eventyr at læse.	{'6'}
I drømme så jeg lys over Sølvstaden, og det gav mig håb.	{'5'}
Der tales om en borg, formet som en hånd.	{'2'}
Jeg har brug for noget noget der kan flyve og som kan skræmme dem, der bor på den borg.	{'8'}
Talte nogen om jagt?	{'5'}
Falkor, se!	{'5'}
En meget væmmelig hånd.	{'2'}
Vi må finde Atreju.	{'8'}
- Pas lidt på, venner.	{'4'}
Åh, Junior hvornår vil du lære forskellen mellem en klippe og en næse?	{'7'}
Hvad kan jeg hjælpe med?	{'8'}
Krævende læsning for et ungt menneske.	{'8'}
Måske finder De forklaringen på Deres søns forsvinden i bogen.	{'8'}
Atreju, bliv virkelig.	{'8'}
"Er ""virkelig"" en vits i din verden?"	{'6'}
Det er farligt, men måske vil det gå.	{'2'}
"I din verden hvis ""Den Uendelige Historie"" svinder bort så vil intet barn nogen sinde høre om Junior."	{'6'}
Hvis menneskene glemmer alt om os vil ingen udtænke morsomme ting som Junior kan gøre.	{'6'}
Kan du huske, hvad du skal sige?	{'8'}
I spørger nok jer selv, hvorfor jeg er her.	{'7'}
Vi har haft meningsforskelle, men dem må vi kunne løse.	{'8'}
Jeg holder af at læse.	{'5'}
Glem det.	{'1'}
De er hule og tomme.	{'6'}
Jeg har isoleret hende for evigt.	{'3'}
Du kan vel hæve din forbandelse.	{'1'}
- Vi tager til Elfenbenstårnet.	{'2'}
Min Xobil er også helt fin, mine herrer.	{'8'}
Dette er et meget udspekuleret nummer!	{'8'}
I formiddags var stedet fyldt med bøger, væg til væg.	{'7'}
Det er et bælte, der gør sin bærer usynlig.	{'7'}
Bliv ikke ude for længe.	{'4'}
Vil hun befri Den Barnlige Kejserinde?	{'6'}
- Jeg stoler ikke på hende.	{'3'}
- Jeg kan se, når folk lyver.	{'1'}
Hvis hun læser det, er hun her jo.	{'6'}
Hvad med at overleve?	{'4'}
Mænd!	{'4'}
Her i Guds hus. - Helle?	{'8'}
Måske vil Gud sige os noget.	{'8'}
Vi slap også væk med en million pund, der ikke er vores.	{'1'}
- Jeg ville tage jer med til festen. Festen?	{'5'}
Se, der er søster Euphemia.	{'1'}
Kom og sid ned.	{'2'}
Var det ikke vildt med hende, der blev skudt på gaden?	{'6'}
- Jeg er hendes åndelige vejleder.	{'7'}
- De vil ikke gå.	{'3'}
- Det stemmer, søster.	{'8'}
- Hvordan har hun det?	{'4'}
Du godeste.	{'4'}
Herre, du milde.	{'6'}
Klar tale.	{'8'}
- Ikke så slemt.	{'5'}
- Så du er ikke alvorligt såret?	{'2'}
Den mand, jeg er forelsket i, er ligeglad.	{'6'}
- Du havde bare mareridt.	{'8'}
Klap i, eller jeg skyder.	{'1'}
- I er mænd!	{'4'}
Vi vil så gerne ud af kriminaliteten.	{'2'}
Ligesom Robin Hood.	{'5'}
Hænderne op!	{'1'}
Vent lidt!	{'5'}
"Inden for et døgn har de sørget for ""et lille uheld""."	{'4'}
- Jeg ved ikke, om jeg tror på jer.	{'4'}
- Tusind tak.	{'5'}
- Du er fuld af løgn! - Nej.	{'1'}
Jeg elsker dig.	{'6', '8'}
- Jeg er ikke gift.	{'7'}
Jeg fortalte ham, at jeg elskede dig. - Han sagde, jeg skulle holde mund.	{'6'}
Case er her.	{'5'}
- Ikke nu.	{'2'}
Farvel, drenge.	{'6'}
Er det Deres pistol, sir?	{'4'}
Nogen forslag?	{'2'}
Jeg slår jer ihjel!	{'6'}
Men hvorfor skal du gøre alt så skide-besværligt?	{'1'}
- Vores bønner blev hørt. - Det er ikke jeres.	{'5'}
Næste, tak.	{'2'}
Vi har bestilt to billetter, men skal bruge tre.	{'6'}
- Hvilken afgang og i hvilket navn?	{'2'}
Undskyld. Vores fly letter snart.	{'4'}
Følg med.	{'2'}
Jeg vil ikke komme for sent til flyet.	{'4'}
Tror De ikke, at vi ved besked om Deres affære med embedsmanden?	{'7'}
Vores side vinder altid.	{'8'}
Fandens!	{'1'}
Det er alt for mange ord!	{'1'}
- Ja, mon ikke.	{'1'}
Du ved, hvad jeg mener. Og det gør alle de andre også.	{'8'}
Mrs. Van Winkle, De skal op.	{'4'}
- Jo.	{'4'}
Jeg fandt hende sådan og kørte hende hertil.	{'6'}
Dem vil du have et stykke tid.	{'5'}
- Afvænning?	{'4'}
Jo da...	{'8'}
- En mand satte dig af.	{'4'}
Jeg er her kun for at få dig indlagt.	{'2'}
- Jeg vil stille nogle spørgsmål.	{'2'}
- Gider du lige!	{'1'}
Jeg føler bare, at hvis jeg ikke gør, som I ønsker så opgiver I mig. Straffer mig.	{'4'}
Godt klaret, Carol.	{'8'}
- Skulle dine forældre ikke komme?	{'2'}
Lad os tage et øjeblik med vores bedre halvdele.	{'8'}
Hej, skatter.	{'8'}
Beklager, drenge.	{'6'}
- Gad vide, hvilken en Allen synger?	{'2'}
Det glæder mig, at du får nye venner.	{'5'}
- Den hjælper ikke din karriere.	{'6'}
Jeg hader at blive oprevet.	{'1'}
Ligesom mormor.	{'1'}
Jeg sender noget tøj hertil i morgen. Og din båndoptager.  Og et sengetæppe.	{'8'}
På søndag tager Mary din videomaskine og nogle bånd med. Og en plante.	{'2'}
- Fra ham, der udpumpede mig.	{'1'}
"Du er, hvad min mor advarede mig mod."""	{'4'}
Bortset fra at droppe stofferne og gå til AA-møder hele livet.	{'6'}
Men forretningsmænd ved intet om kreativitet.	{'3'}
Jeg hader at bruge ordet, men... lort.	{'4'}
Dig lytter hun til.	{'8'}
Hvad skal jeg gøre?	{'1'}
Tag til AA-møder...	{'1'}
Det var god terapi efter skilsmissen og aborterne.	{'8'}
Jeg fatter ikke din generations humor.	{'6'}
Min opgave er at besvære dig.	{'1'}
Tak skal du have.	{'5'}
Vi ses derude.	{'2'}
- Ja. Alt er i orden.	{'5'}
Det er det skide forsikringsselskab, der insisterer.	{'1'}
Det var den strisser, jeg ledte efter.	{'8'}
Hej, pus.	{'8'}
Skøn dag, hva'?	{'8'}
Stille!	{'1'}
Jeg drømte, at det var forkert.	{'6'}
Hvordan kom din død på bane?	{'6'}
Jeg begår selvmord.	{'6'}
Jeg skal tidligt op.	{'3'}
Jeg vil ikke møde nogen.	{'3'}
Her er folk, jeg ikke har mødt siden gymnasiet... eller ønsker at møde.	{'3'}
Hvor fandt hun ham?	{'1'}
Sidst jeg så ham, kastede han røræg op... gennem næsen.	{'6'}
Stædig som et æsel. Ligesom Owen.	{'7'}
- Vil du have flere nødder?	{'5'}
Hold op med at plage mig!	{'4'}
Howdy har orm.	{'6'}
Jeg elsker dem.	{'5'}
- Jeg bliver så nervøs.	{'8'}
- Ja!	{'8'}
Mor dig lidt mere med filmen.	{'8'}
- Men du holder igen.	{'1'}
"Du var så god i ""Public Domain""."	{'5'}
Hvor er jeg dog lettet.	{'5'}
- Jeg føler mig mere afslappet.	{'5'}
Hun har appelsinhud.	{'3'}
Hvad gør vi med scenen i soveværelset?	{'2'}
- Valerie har en fantastisk krop.	{'5'}
Nå, men...	{'6'}
"George Lazan, producent på ""L.A. Beat""."	{'8'}
Det er én dags arbejde!	{'1'}
Optagelse!	{'2'}
Vær dig selv, så skal det nok gå.	{'8'}
Hjælp mig!	{'8'}
- Sikken frygtelig skæbne.	{'6'}
- De har en hyggelig aften. Og så tager hun en overdosis.	{'6'}
- Det er godt at se, du har det godt.	{'5'}
- Tja... Jeg burde vel takke dig.	{'8'}
Lkke en fremmed.	{'8'}
Men det vil jeg ikke.	{'6'}
Har nogen fortalt dig, at du dufter som Catalina?	{'2'}
Har nogen sagt, at du dufter som fremtiden?	{'5'}
- Har du kendt Suzanne længe?	{'2'}
Hyggeligt at møde Dem.	{'5'}
Hold op, så er du sød.	{'4'}
- Hvad mener du med hvad?	{'1'}
Jeg har det ikke godt med hvad det her er. Følelser.	{'3'}
Flere end to?	{'7'}
Jeg tror, at jeg elsker dig.	{'5'}
- Det er svært nok i forvejen.	{'4'}
"Der er en scene i ""Public Domain"", hvor du ser direkte ind i mig. Jeg blev forelsket."	{'5'}
Det klarer du nu meget godt.	{'8'}
Modigt?	{'4'}
Ja... fordi det er så langt ude.	{'6'}
Bliv hos mig.	{'6'}
Det er jeg værd.	{'5'}
Jeg vil ikke nyde duften af en anden.	{'8'}
- Du vil ikke fortryde det.	{'6'}
Du lyder som en tæppesælger.	{'8'}
Jeg ville ikke ringe, fordi jeg troede, at du sov.	{'8'}
Og jeg kom hjem for ikke at bekymre dig.	{'8'}
Men det gjorde du.	{'4'}
Jeg skal tage mig af dig.	{'8'}
Hvad skulle jeg tro, da du ikke kom hjem?	{'4'}
Og kunne det dét, så har dit stofmisbrug retfærdiggjort det.	{'1'}
- Du har ingen ret til at dømme mig. - Mor...	{'1'}
Og så møder du mig med den der frække og overlegne attitude.	{'1'}
Eller hvad det nu hedder.	{'3'}
Hvorfor vendte du dig bort fra mig?	{'4'}
Ville du have Joan Crawford som mor?	{'5'}
Du havde noget og forsøger at spilde dit liv.	{'1'}
Glem, hvad der skete i dine teenageår.	{'8'}
Må jeg bede om pistolen?	{'8'}
"Jeg svarede: ""Det ved jeg ikke."	{'6'}
- Må jeg tale lidt med dig?	{'8'}
- Det kan man godt sige.	{'5'}
- Nej, nej!	{'7'}
Er det ikke personligt, hvem jeg går i seng med?	{'1'}
Du ligner en, der kan klare dig selv.	{'5'}
Tag det ikke så tungt.	{'2'}
Så hvis man bare hygger sig sammen med ham ligesom han hygger sig med en selv...	{'2'}
Det gør jeg.	{'8'}
Hvad lavede du og Evelyn? Udvekslede erfaringer?	{'7'}
- Hvordan kunne du manipulere mig?	{'6'}
- Vi har jo lige mødt hinanden.	{'1'}
Jeg kan ikke lide denne side af dig.	{'3'}
- Og det er du ikke?	{'3'}
Hvad er værst?	{'8'}
"Kvinder siger: "" Det er ikke dét, at du forlod mig, men måden!"""	{'8'}
Vær ikke så spydig.	{'1'}
Der er noget... uundgåeligt, jeg er nødt til at fortælle dig.	{'4'}
Bliv nu ikke vred på mig, fordi jeg forudså det.	{'4'}
Din elskede manager, Marty Weiner som du ville beholde, og jeg tryglede dig om at forlade...	{'6'}
Marty Weiner er forsvundet.	{'4'}
Hvad betyder det? At jeg ikke har nogen penge?	{'4'}
Det nytter ikke at have ondt af dig selv.	{'8'}
Visse dage...	{'4'}
Hold op med at sige, hvordan jeg bør leve mit liv. Bare i nogle minutter.	{'1'}
- Jeg har ikke kaldt dig et uhyre.	{'8'}
Du drikker for at slappe af.	{'8'}
Du nyder bare din vin.	{'5'}
- Det påvirker ikke mit arbejde.	{'8'}
Hvad gjorde jeg, der var så frygteligt, da du var lille?	{'6'}
Kan du huske, da jeg fyldte 17, og du løftede kjolen i alles nærvær?	{'5'}
Kan du huske det orkester, jeg fik til at spille til festen?	{'5'}
Må jeg få en volumen-test?	{'8'}
Problemet er, at du ikke ved, hvor let alting er gået for dig.	{'1'}
"Nu tager jeg over."""	{'1'}
Der ser du, hvad du kan gøre.	{'6'}
Jeg tager måske tilbage til afvænningsklinikken.	{'7'}
Det er bedre, at du tackler situationen.	{'8'}
Hvorom alting er... Du kan ikke lade dig indlægge, for jeg har et job til dig.  Skammer du dig ikke over at arbejde med mig igen?	{'6'}
Bliv voksen.	{'6'}
- Hvad er der sket?	{'7'}
Hvor er hun? Er hun uskadt?	{'2'}
- Min mor...	{'2'}
Hun blev forskrækket.	{'4'}
Der er hun.	{'8'}
Jeg kan vist ikke holde jer fra sygehuset.	{'6'}
Græd bare. Så tisser I mindre.	{'3'}
Jeg ved ikke, hvor I har det fra.	{'1'}
- Du hørte det godt.	{'8'}
Skub ikke.	{'3'}
Jeg kan selv gå.	{'5'}
Du trænger til nogle bank.	{'1'}
Hvis jeg er sådan ved dig, begår jeg selvmord. Sig ikke sådan.	{'3'}
- Hun mener det vel godt.	{'4'}
Du tror vel ikke, at jeg ønsker, at det går dig skidt?	{'6'}
Lkke dårligt af en olding, hva'?	{'7'}
Skal jeg lyde som en bondeknold, før hun er tilfreds?	{'1'}
Lad os ordne dem.	{'2'}
Det ser ud til, der skal kriser til, før vi kan være sammen.	{'6'}
Mit tørklæde?	{'7'}
Hun synes at have det bedre.	{'5'}
Fik du mine blomster?	{'6'}
- Var det dig?	{'8'}
Tak for blomsterne og alt det andet.	{'8'}
Det er ikke usædvanligt.	{'7'}
Og det bør jeg faktisk gøre nu...	{'4'}
Vi kan sige, at skæbnen førte os sammen.	{'8'}
- Det er ikke et rigtigt stævnemøde.	{'4'}
- Jeg vil have, at du får det at se.	{'2'}
- Tak... Farvel.	{'5'}
Du burde ikke køre.	{'4'}
- Lækker bil.	{'5'}
Alle, der kommer her, har en drøm.	{'8'}
- Hvad skal 'arbejdes af'...?	{'5'}
- Hvad ser du i hende?	{'7'}
- Jeg ville jo ikke vække dig.	{'1'}
Dominic forsøgte at få hende fra det.	{'6'}
Hun er ny.	{'8'}
Det er, fordi jeg er sulten!	{'5'}
Hej, piger...!	{'7'}
- Han bestemmer og tager pengene. - Nej...	{'4'}
- Leder du efter selskab?	{'2'}
- For en nat? - En time.	{'7'}
Du spøger!	{'7'}
Skal De køre mere i aften?	{'2'}
Forhåbentlig ikke!	{'4'}
- Tag den her på.	{'2'}
- Ustandselig.	{'2'}
- Du tager vel kontanter?	{'2'}
- Du har vel haft mange advokater?	{'2'}
- Hvad kigger han på?	{'2'}
- Hvad vil du have?	{'2'}
Jeg løber straks.	{'5'}
Jeg bestilte alt på menuen. Jeg vidste ikke, hvad du ville have.	{'2'}
- Jeg har et tilbud til dig.	{'5'}
Vil du rende mig i røven!	{'7'}
Tak, Dennis!	{'8'}
Men damerne ville ikke hjælpe mig.	{'6'}
- Han er så sød.	{'5'}
- Så tag den på.	{'4'}
- Også sko...	{'2'}
- Jeg er nede klokken 19.45.	{'5'}
- Sig, at jeg er optaget.	{'1'}
- Fra Deres niece.	{'5'}
Jeg er rig nok.	{'1'}
- Det gør mig ondt...	{'6'}
- Det glæder jeg mig til, sir.	{'8'}
- Tak for referatet.	{'5'}
Hop ned. Du gør mig nervøs.	{'3'}
- Bortset fra med dig, mener jeg.	{'4'}
- Naturligvis.	{'8'}
Jeg elsker dig, Adam, Peter...	{'8'}
- Vildt uanstændigt.	{'8'}
- Det er en hård fyr.	{'7'}
Min mor var musiklærer. Hun giftede sig med far, der var ekstremt rig.	{'8'}
Jeg var meget 'gal på ham'.	{'1'}
- Flot...!	{'5'}
Sveder flæsk.	{'5'}
- Fint.	{'7'}
- Glimrende!	{'8'}
- Og blev venner?	{'7'}
Hun er ikke spion.	{'8'}
Jeg sagde undskyld...	{'8'}
- Det kunne jeg ikke lide.	{'6'}
- Vi talte bare.	{'6'}
- Det er de bedste pladser.	{'2'}
- Mig, ikke arbejde?	{'7'}
- En pølsebod? !	{'1'}
Ja, jeg har skaffet en lejlighed til dig...	{'2'}
- Du slipper for at gå på gaden.	{'2'}
Hvis du nu krøllede! Du er flot.	{'5'}
- Du er så godt som ny.	{'7'}
Måske kan I få et hus, et par diamanter og en hest...?	{'1'}
- En kop kaffe?	{'5'}
- Nej.	{'3'}
Der er altid en eller anden fyr, der tror, han kan behandle mig, som Stuckey gjorde.	{'4'}
- Hvad vil du der?	{'7'}
- Synes du, jeg er lovende?	{'7'}
- Hvornår går bussen?	{'2'}
- Ingen beskeder til mig?	{'2'}
De fleste vælger røveri- eller drabsafdelingen.	{'5'}
- Jeg ønsker at hjælpe andre.	{'2'}
David, er der noget galt?	{'4'}
Jeg er bare lidt nervøs for den eksamen i morgen.	{'4'}
Hvorfor kører du dig selv sådan op?	{'7'}
- Lad os trille.	{'2'}
Lige nu kan jeg ikke komme på nogen.	{'7'}
- Morales er to minutter forsinket.	{'1'}
- Vi kører nu.	{'3'}
Lidt tidligt at købe julegaver, ikke?	{'5'}
Og jeg er Tandfeen.	{'3'}
Farvel, bror lort!	{'1'}
- Det glæder mig at møde dig.	{'5'}
- Det var din nye makker.	{'6'}
- Det er løgn.	{'1'}
Luk ham ind igen, Nick.	{'1'}
Du skal ikke tage dig af Pulovski.	{'1'}
Du vænner dig til ham.	{'8'}
- Det er det, man bruger dem til.	{'7'}
Tysk øl går man aldrig fejl af.	{'8'}
- Blot en mand uden forstand på øl.	{'3'}
- Har du arbejdet her?	{'1'}
Du får dine penge på fredag.	{'1'}
- Jeg har aldrig været i East LA.	{'6'}
Jeg har spekuleret på, hvem der åd den slags.	{'7'}
Den skiderik, som har malet denne bil.	{'3'}
Han skulle ha' røven skåret af.	{'1'}
Lad være med at køre på mig.	{'6'}
Hvad skal vi her?	{'1'}
Vi skal til at have det skægt.	{'8'}
Er du med?	{'1'}
Du har spist for mange af de sukrede basser.	{'3'}
Jeg kan få dig buret inde i årevis.	{'1'}
Kører du stadig racerløb?	{'2'}
- Det skide gasselskab!	{'1'}
Hun elskede motorløb.	{'5'}
Nu har jeg set det med!	{'5'}
Jeg har masser af vrag, du kan gå i gang med.	{'2'}
Korrekt.	{'5'}
Jeg kender det røvhul, der står bag hele det forpulede foretagende. Vi har ramt skiderikken, og det er skønt.	{'5'}
Hvordan går det?	{'7'}
Pulovski. Det er kun, fordi De var i tv, at jeg ved, De er hans makker.	{'7'}
Du er lige så god til at bryde ind i huse som til at bryde ind i biler.	{'8'}
Slut med dig.	{'1'}
Min tålmodighed er brugt op.	{'8'}
Jeg bliver nødt til at forlade landet, hvis jeg skal kunne ånde frit.	{'6'}
Jeg bliver nødt til at gå.	{'1'}
Dit sprængstof vil ikke hjælpe dig nu, din lille lusede lort.	{'1'}
Ikke et ord om hende.	{'1'}
Hvorfor fanden er vi her så?	{'1'}
- Og du løj for Garcia.	{'1'}
Og jeg hader din kørsel og din stinkende whiskyånde!	{'1'}
Ingen æder det lort!	{'3'}
Der må være noget andet.	{'2'}
Jeg har aldrig fået noget ud af det.	{'5'}
Det virkede.	{'8'}
Vi har lige fået jackpot.	{'5'}
Jeg er flad, desperat og pissesur.	{'1'}
Skyd hende.	{'1'}
Skyd hende nu!	{'1'}
Amatør.	{'1'}
Improviserer.	{'8'}
Hvis I ønsker, han skal dø, så skyd nu.	{'4'}
Politidirektøren og borgmesteren vil ikke skabe en præcedens der opfordrer hver en galning i byen til at kidnappe nogen.	{'1'}
- Så slår de ham ihjel.	{'4'}
Forbryderne er over alle bjerge.	{'8'}
De vil ikke betale pengene.	{'1'}
Hjælp!	{'4'}
- Det har ingen forlangt af dig.	{'1'}
Hvad får en dum polak som dig til at tro, han kan overliste mig?	{'1'}
Jeg er nødt til at fordufte snart på grund af dig.	{'1'}
Men når jeg smutter bliver det med et brag.	{'2'}
Skrid, hvis du ikke vil ha' endnu flere bank end sidst, svans.	{'1'}
Vil I danse?	{'1'}
Lad os få fut i fejemøget.	{'5'}
- Fis! - Ingen ved, hvor Loco er.	{'4'}
Hør nu her.	{'1'}
Gør, som jeg siger, eller svinet dør.	{'1'}
Vi gør det. Men jeg vil høre Pulovskis stemme nu.	{'1'}
Dit kvajhoved!	{'1'}
Tilbage!	{'4'}
Et menneske vil blive dræbt!	{'6'}
Hvem tror du, du straffer?	{'1'}
Men du var der aldrig, når jeg havde brug for dig.	{'6'}
Jeg er færdig med at begå fejl.	{'4'}
At du tilgiver dig selv.	{'8'}
Uden deres våben er de slet ingenting.	{'3'}
Er du anderledes?	{'2'}
Og kommissær Garcia er her.	{'1'}
Beundrer du udsigten, Ackerman?	{'5'}
David hader koffein.	{'1'}
Han vil have dig ned på stationen.	{'1'}
Så er der kaffe.	{'5'}
Kom an, knægt.	{'8'}
For satan! Jeg havde brug for ham levende!	{'1'}
Ved du, hvad en virkelig forbryder er?	{'1'}
Enhver, der skænder et kunstværk med sådan en farve skulle have røven skåret af.	{'1'}
Vi kører nu.	{'8'}
Stop eller dø.	{'1'}
Det er anden gang, du skuffer mig. Hvor er nøglen?	{'1'}
- Perverse stodder.	{'3'}
- Hop ind.	{'1'}
- Er du sindssyg?	{'1'}
Konstrueret som ingen anden bil.	{'8'}
Jeg sagde, du skulle tage selen på.	{'1'}
Nej, vi er ikke færdige. Men du er.	{'1'}
- Han gjorde det ikke for dig.	{'6'}
Det her er latterligt.	{'3'}
Hold jer klar.	{'2'}
Vær klar til at pågribe skiderikken.	{'2'}
Hvad fanden? !	{'1'}
Nick?	{'7'}
- Hvad fanden foregår der?	{'1'}
- Jeg er færdig med at øve mig.	{'5'}
God dreng...	{'8'}
De holder stille.	{'1'}
Det var som satan...!	{'7'}
Den telefon er ikke bare til pynt.	{'1'}
Hvis du laver fis, sprøjtemaler jeg min makker med din hjernemasse.	{'1'}
- Er du klar?	{'2'}
De er her alle sammen.	{'7'}
Møgtæve.	{'1'}
Man skal holde, hvad man lover.	{'8'}
Hvor har du den fra?	{'2'}
Hvis du er så god til at lave ting, så lav ild.	{'8'}
- Snarere i mine mareridt.	{'1'}
Den fyr, vi har set overalt i byen, viser sig at være...	{'2'}
Bedre end dine.	{'1'}
Behold den.	{'1'}
Hvorfor ikke?	{'1'}
Men det ved du naturligvis intet om.	{'8'}
Firmaet har problemer med at hæve penge i banken, hvis det da rager jer.	{'1'}
Undskyld.	{'1'}
House of Abercrombie Blair, forlag, fuld eller ædru.	{'1'}
En af de bedste.	{'8'}
Jeg ma tale med Mr Scott Blair.	{'2'}
Han er her ikke, skat.	{'6'}
Men han var her heller ikke i gar.	{'5'}
Irriterende lille djævel.	{'3'}
Det er til Mr Blair.	{'1'}
Jeg forsøger at tjene til føden her.	{'2'}
Og ikke for Mr Blair trods min kærlighed til ham.	{'3'}
En af mine russiske venner har skrevet en vigtig roman.	{'2'}
Pa trods af glasnost kan min vens roman ikke udgives endnu... i Sovjetunionen.	{'1'}
- Smil.	{'5'}
Smil.	{'8', '5'}
- Ma jeg se den?	{'2'}
- Lad os starte med brevet.	{'2'}
Hvor er det manuskript?	{'2'}
- Gud fanden gør det sa.	{'1'}
Hvad fanden foregiver den at beskrive?	{'7'}
- Hvorfor flygtede du?	{'7'}
Hvad betyder det, om jeg tog en kvinde, en mand eller en skide moskusand med?	{'1'}
Hvad laver du her i Lissabon, Barley?	{'8'}
Forsøger du at fortælle mig, at nogen er død, gamle jas?	{'2'}
Tag en drink med rakket.	{'3'}
Har de flyttet ambassaden, eller bortfører du mig?	{'1'}
- Mr Blair, sir?	{'4'}
Kom og mød de andre.	{'2'}
Lad os lave noget sjov.	{'2'}
Er det ikke morsomt?	{'5'}
Hvor er vi pa vej hen?	{'2'}
Tag dig god tid, Barley.	{'7'}
Tag en drink, Barley.	{'1'}
Hun var der ikke engang.	{'1'}
De værdsætter deres forfattere.	{'8'}
Jeg var heldig at være gæst.	{'5'}
- Det var fantastisk.	{'5'}
Atomfred i 40 ar.	{'4'}
Vi ma redde hinanden, fordi alle ofre er lige.	{'8'}
En heroisk tanke, Barley.	{'7'}
Troede du pa det vrøvl?	{'7'}
Derfor elsker jeg dem.	{'8'}
Havde nogen en saxofon?	{'7'}
Han sagde aldrig et ord.	{'3'}
Han drak sig bare fuld og stirrede.	{'3'}
Dante, gamle tosse.	{'7'}
Jeg elsker mit land.	{'8'}
Hvad er dit arbejde?	{'2'}
Og hvilken slags sludder arbejder du pa i øjeblikket?	{'1'}
Jeg er løgnen.	{'6'}
Lov mig, at du ikke er spion, sa lover jeg noget til gengæld.	{'7'}
Dante, jeg er helt ærligt ved at blive lidt nervøs.	{'4'}
Lad os tale om noget andet.	{'3'}
- Du kan ikke afvise mig.	{'1'}
Lov det.	{'8'}
Lover du det?	{'8'}
Jeg ved hvorfor. Du lod som ingenting.	{'1'}
- Hvem fanden er det?	{'1'}
- Det mislykkedes.	{'6'}
Ikke engang maske?	{'6'}
Sa heldig er jeg ikke.	{'6'}
Sparke dem i skridtet, hver gang de nar op pa knæ.	{'1'}
Forbandede kvinde.	{'1'}
Muligheden for at være aktiv i forsvaret af deres land.	{'5'}
Enhver anstændig kirke ville have brændt jer pa balet for længe siden.	{'1'}
Kan jeg hjælpe, eller vil du lægge en besked?	{'2'}
Hvis vi har tillid til motivet, har vi tillid til manden.	{'8'}
Jeg har det herop til.	{'1'}
Jeg vil bare have det overstaet.	{'1'}
Det er alt det, vi altid har villet vide om Rusland, men var bange for at spørge om.	{'8'}
En eller anden tilfældig fortæller os, at russerne er langt bagude, de kan ikke skade os, sa vi kan trække os tilbage.	{'7'}
God rejse, Barley.	{'5'}
"- ""Ja."""	{'5'}
Niki insisterede pa, at jeg skulle ringe til dig.	{'2'}
Og Niki har givet mig cirka et ton te med til dig.	{'7'}
Og du ma være Mr Barley.	{'8'}
Hvordan genkendte du mig, Mr Barley?	{'7'}
Det er latterligt.	{'1'}
Jeg var lige ved at blive anholdt her for tre ar siden.	{'4'}
De sagde, jeg fotograferede en militærperson.	{'4'}
- Alt er korrupt og inkompetent.	{'1'}
Tal sagte.	{'4'}
Sadanne personlige spørgsmal er ikke passende.	{'1'}
Det kan arrangeres.	{'8'}
Hvor længe er du i Moskva, Mr Barley?	{'2'}
Komponist?	{'2'}
Kok?	{'7'}
Desværre er jeg nødt til at tage tilbage til mine børn nu.	{'6'}
Spis middag med mig.	{'8'}
- Sa giv mig dit nummer hjem til.	{'1'}
"Nej, ikke ""maske""."	{'6'}
Hvorfor har du ikke tømmermænd?	{'7'}
- Hvordan betaler han dig, Mr Wicklow?	{'2'}
- Rusland topper listen for tiden.	{'8'}
Har du en salgsstyrke, eller afhænger du stadig af guddommelig indgriben?	{'1'}
Og hvad med oversættere?	{'1'}
Bogmessen er først om en maned.	{'7'}
Forstar du, hvad jeg mener?	{'2'}
Meget.	{'2'}
Er vi klar?	{'2'}
Ingeniør?	{'7'}
Hvorfor begynder du ikke bare at fortælle og ser, hvordan det gar?	{'8'}
Kom nu, det er mig, Barley Blair.	{'4'}
- Hvem er han?	{'7'}
- Jeg ved ikke, hvad jeg ma fortælle dig.	{'4'}
Hvad sagde han, du skulle fortælle mig?	{'1'}
Han var generøs.	{'8'}
Smugler deres manuskripter ud til vesten?	{'7'}
- Har du?	{'7'}
Han er inspireret af den nye abenhed her.	{'5'}
- Er du enig? - Ja, og det er du ogsa.	{'1'}
Du talte for ham.	{'7'}
Som barn.	{'6'}
En stor intellektuel pa 16 ar.	{'5'}
Han lignede ikke en videnskabsmand, men en... kunstner.	{'7'}
Du forelskede dig i ham.	{'8'}
Han var min første elsker.	{'8'}
Der var ingen uskyld tilbage nogen steder.	{'8'}
Indtil sidste ar, hvor han mødte en britisk forlægger, som talte til hans hjerte.	{'8'}
Behøver han andre folks hjælp?	{'2'}
Fordi jeg ved, at han er fuldstændig alene med sine tanker.	{'6'}
"Han taler om ""den store løgn""."	{'6'}
Alt er del af den store løgn.	{'6'}
Selvfølgelig.	{'5'}
Ballade.	{'4'}
Og din kærlighed.	{'5'}
Jeg forstar, Ned.	{'4'}
Jeg vender tilbage snarest.	{'2'}
Du kedede mig ikke.	{'7'}
Jeg rejser herover udelukkende for at tale om mig selv.	{'2'}
- Jeg vil savne dig.	{'6'}
Du skal vide en ting, Scott.	{'2'}
Barley har tre chancer for at skabe kontakt.	{'8'}
Er du faret vild?	{'7'}
Det skulle du prøve.	{'1'}
Hvor er du, Dante?	{'2'}
De eneste to ædru folk der.	{'4'}
Desværre kunne han ikke finde mig.	{'6'}
Ingen har forradt dig.	{'8'}
Dit manuskript kom pa afveje, det er det hele.	{'3'}
Kom du for at fortælle mig, at du nægter at udgive mig?	{'4'}
Dante, du gar for hurtigt frem.	{'1'}
Lad det ske.	{'6'}
Hvis vi handler sammen, overlever vi sammen.	{'8'}
Jeg er ikke det menneske, du troede, jeg var.	{'6'}
Jeg vælger et omslag kun med bogstaver.	{'8'}
Revolutionen startede her.	{'5'}
"Forestil dig det her, da panserkrydseren ""Aurora"" affyrede skuddet med løst krudt, som signalerede revolutionen."	{'2'}
Tiden er inde.	{'5'}
De bad mig om at give dig den.	{'4'}
De er imod dig og imod mig.	{'4'}
Kom til England.	{'2'}
Jeg er pa din side.	{'8'}
Hvorfor arbejder du ikke?	{'1'}
- Gode sager, hva'?	{'8'}
Du er øjeblikkets helt.	{'8'}
Du er en stjerne.	{'5'}
Det lyder godt, Russell.	{'5'}
Problemet er, at en del velbetalte yndlingssønner er i fare for at fa slaet deres risskal i stykker og blive sultne, alt sammen pa grund af de forbandede notesbøger.	{'4'}
Var jeg nødt til at tage helt herover for at fortælle jer det?	{'1'}
Clive, Ned, jeg skal sige jer en ting.	{'4'}
Sa hvorfor i alverden tager du til Rusland hvert femte minut?	{'1'}
Det er et fair spørgsmal.	{'8'}
Nogle folk bryder sig ikke om mine metaforer.	{'6'}
Det er ikke min Picasso, Russell.	{'1'}
Quinn er militærmand fra anus og op.	{'5'}
Du ma blive inden døre for at undga dem.	{'4'}
Absolut.	{'8'}
Men du tager mere til Rusland end til Amerika.	{'6'}
Er Ray ikke den sødeste mand, du har mødt?	{'5'}
Skaf ham af vejen, Clive.	{'3'}
Vi kan ikke bruge ham.	{'4'}
Hvis Dante er en god dreng, far han jackpot.	{'5'}
Det sørger jeg for.	{'5'}
Ti millioner er endnu bedre.	{'5'}
Han kan ikke afpresses eller trues.	{'8'}
Ingen har ansat os for vores næstekærlighed, Ned.	{'5'}
Barley?	{'7'}
Det er spørgsmalene, der kan afsløre alle russiske militærhemmeligheder og vinde vabenkapløbet pa én gang.	{'7'}
Vidunderligt.	{'5'}
Blairs band er krypteret, kastet via satellit til London, dekrypteret - alt sammen pa et minut.	{'8'}
Spikey. Lod de dig komme ind igen?	{'3'}
Du er ligeglad med Leningrad, ikke?	{'3'}
Hvis hun var ung og smuk, tilgiver jeg dig.	{'8'}
Det er virkelig dejligt at se dig.	{'8'}
Det er for smukt til at ga med.	{'5'}
Til nyhederne.	{'2'}
Han var syg, men er blevet rask.	{'5'}
Jeg troede ikke, han havde nogen betroede venner ud over dig.	{'7'}
Skal jeg oversætte Jakovs brev eller ej?	{'1'}
Det oversætter jeg ikke.	{'6'}
Den er rigtig god.	{'5'}
- Du kan fortælle hende det.	{'1'}
- Fantastisk.	{'5'}
Du kan ikke tage pa hospitalet, Barley.	{'6'}
- Hvordan slutter hans brev?	{'2'}
Mere kærlighedssnak?	{'8'}
Hvilket pindsvin?	{'1'}
Ikke flere nu. Ikke flere forbandede band.	{'1'}
Det gør folk, nar de har været syge.	{'6'}
- Jeg elsker dig.	{'8'}
Alle mine fejltagelser var forberedelser til at møde dig.	{'6'}
Det er uselvisk kærlighed. Voksen kærlighed.  - Du ved det.	{'5'}
Jeg har kun tid til sandheden.	{'8'}
Jeg holder med dig.	{'8'}
Du ville ikke lukke ham ned, hvis du var russer, vel?	{'7'}
Hvad sagde han?	{'2'}
- Hvorfor kører han?	{'7'}
Han er mandschauvinist.	{'3'}
- Ser du det samme som jeg.	{'8'}
Kom nu, hvor er bandet?	{'2'}
Noget usædvanligt?	{'2'}
Godt arbejde.	{'5'}
Meget godt arbejde.	{'5'}
Spiser hun stadig?	{'3'}
For jer og for vores nye partnerskab, velkommen.	{'5'}
Aflys det, Russell.	{'1'}
Du er ikke træt.	{'8'}
Vi vil ikke have fornemmelser.	{'6'}
Det er forbi, Russell.	{'6'}
Du bliver glad for at høre, at elevatoren virkede i morges.	{'5'}
Spørgsmalene kommer op til overfladen.	{'2'}
Husk at fa det med tilbage.	{'8'}
Tre, hvis vi er heldige.	{'8'}
Der er ikke noget, der gar galt.	{'5'}
Kryds fingre, Jack.	{'8'}
Og den ville afsløre, hvad vi allerhelst vil vide.	{'2'}
Han holder sit løfte til Dante pa sin egen made.	{'8'}
Og han forsøger at redde Katja.	{'2'}
Viste den britiske efterretningstjeneste dig brevet første gang i Lissabon?	{'7'}
Desværre er professor Saveljev død.	{'6'}
Den berømte liste.	{'2'}
Ja, jeg taler om ære, ikke ideologi.	{'1'}
Jeg troede om nogen, at du havde regnet mig ud. 	{'6'}
Jakov er taget.	{'4'}
"Og jeg tænkte 'hvorfor har de ikke anholdt os?""'"	{'4'}
De holder øje med os.	{'4'}
Jeg kan ikke redde Jakov.	{'4'}
Men du er i sikkerhed.	{'5'}
Men du burde ikke abne andre folks breve. 	{'1'}
Og Barley?	{'2'}
Han slipper.	{'8'}
Vi klemmer os sammen.	{'8'}
Det krævede mod.	{'8'}
Held og lykke, Barley.	{'8'}
