Вовремя, полковник, ваша очередь уже подходит.	6
Дьявольская.	1, 4, 7
Превосходно.	8
- Она красивая.	5
Только из вежливости.	1, 3, 8
В случае отказа леди Тедминстер может открыть праздник в первый день. А миссис Кроусби - во второй.	1
Но как же герцогиня?	2, 7
Джону повезло.	5
Мы опаздываем.	1, 3, 6
По-моему, подушка свалилась, дорогая.	8
Вот и Синтия.	5
Сотни.	7
Большой щеголь, но невероятно умен.	8
Еще один пример английских буколических верований.	3, 6
Солдаты, где остальная часть взвода?	2
Корт Стайлза. Доброе, старое место.	7
После брака, конечно.	3
Добрый день, месье Пуаро.	5
Бутылки разных размеров, стоящие в беспорядке.	1
Какой смысл?	2
Я пытаюсь внушить им чувство порядка и методичность. А они то и дело пропадают в пивных.	1
Отличные лошади.	8
К счастью, их приходится использовать только в сельском хозяйстве.	5
Конечно, если мало работы.	2
Не думал, что это женская работа.	7
Зачем?	2, 3
Иви, это не может быть правдой.	7
Боже правый.	7
Потом сказала, что скорее я покину ее дом.	1, 2, 4
Очень душно, верно?	3
- Он самый, друг мой Гастингс!	1, 5
Мадам Инглторп, она распространила свое гостеприимство на семерых моих соотечественников, которым пришлось бежать с родины.	5, 8
Она предоставила нам вон тот прекрасный дом.	2, 7
Совершенно верно.	8
Я тебя не боюсь!	1
Доркус, пожалуйста, принеси мне марки.	1, 3
Вы выглядите очень устало, не хотите ли отдохнуть?	1
Вы затопили в моей спальне камин?	2
Я узнала от Доркас.	2
Мне нужно съездить в деревню. Поговорить с агентом о вложениях в недвижимость.	1, 2, 3, 4, 6
Открой дверь.	1, 2
Все хорошо, мама.	5
Мне уже лучше.	6
Нет.	1, 3, 4, 6, 7
Да.	2, 3, 5, 6, 7, 8
Нам ни к чему скандал.	4
Моя бедная Эмили.	6
Я доволен вами, Гастингс.	5, 8
Я вас понимаю.	7
Гастингс. Думаю, это нужно отложить до прихода адвоката миссис Инглторп.	4
Очень интересно, друг мой.	2
Растопленный камин летом, Гастингс.	5
Здесь может быть...	2
Как я и ожидал.	3, 4, 8
- Уважаемая Доркас. Мадам Инглторп мертва.  И нам необходимо знать все, чтобы свершилось возмездие.	1, 2
Не знаю, что делать.	4
Но если последняя доза была принята два дня назад, то это уже не важно.	1
Боюсь, что это не совпадение.	4
Ключи все еще у вас, мистер Пуаро? Пожалуйста.	2, 7
По-моему, довольно банальное.	2
Но кофейная чашка была раздавлена. Проанализировать содержимое было невозможно.	1
Это так?	3
Верно, Гастингс.	8
Ясно.	5
Соблаговолите сказать, мистер Инглторп, где вы были в понедельник 18-го июня?	1, 2
В этом я с вами не согласен.	1
Не уверен, сэр, мы уже встречались с месье Пуаро, и я, прежде всего, доверяю его суждениям.	7
Дело против него развалится в момент.	2
Альфреда Инглторпа не за что арестовывать.	8
Это прекрасный город.	5
Гастингс, вам не показалось странным заявление мистера Лоуренса Кавендиша, что его мать могла отравиться случайно?	1
Но выглядит именно так.	6, 7
Нет, нет, Гастингс.	6, 7
- На станцию.	6
Понимаю.	8
Говорите.	6, 7
Я подготовил список. Фамилии и адреса.	7
Значит, вернулись на исходную позицию.	3
Но ты, Господи, Боже Милостивый... И исцелит нашу непроходящую боль вечная жизнь.	4
Но мы должны быть умнее.	2
Тогда мы будем неуязвимы, друг мой.	2, 5, 8
Можно его похитить у вас, мистер Пуаро?	3
Видимо, она забыла, или не думала, что умрет.	6
Я уверен, они не захотят расстаться с вами.	8
Она ненавидит меня.	1
Он тоже меня не выносит.	4, 6
Но Лоуренс не говорит, сможет ли он что-нибудь сделать.	1, 6, 8
Не говорите глупостей.	1
Это не глупости.	2
Вы безгранично ободрили меня.	5
Эти злые детективы!	1, 3
Что скажете?	2
Вы слышали часть разговора миссис Кавендиш со свекровью. Тогда она требовала, чтобы миссис Инглторп показала ей что-то.	8
Должен сказать, у вас твердые руки, Пуаро.	7
- Отлично.	7
- Да?	4
"Предъявите улику ""Д""."	2
Тогда проходите.	2
Все в сборе, да?	2
Сейчас все узнаете.	2
Дамы и господа, добрый вечер.	5
Я прав, миссис?	1, 2, 8
Сама миссис Инглторп.	7
Тем не менее, друг мой.	2, 8
Это небольшая сумма денег!	8
Чувствуя необходимость в горячем напитке, она подогрела какао и выпила. Если стрихнина не было в кофе, мы знаем, что его не было в какао, где же он был?	4
Нет?	1
Ее лекарства.	7
Вероятно, последняя доза была смертельной.	6
Кто-то добавил снотворное в ее тонизирующее.	7
Но я уже запер чемоданчик утром, после смерти миссис Инглторп.	3
Ладно.	5, 8
Мы заслужили ее деньги.	1
Какой ужас!	3, 4
Он так и не закончил его, друг мой.	5
Остальное мы знаем.	1
Я был уверен, что не ты сделал это.	4, 7, 8
Я думал, что мне пришел конец.	5
Я только не понимаю почему Инглторп явно желал, чтобы его арестовали.	4
Он хотел суда. Тогда он объявил бы о своем алиби.	3
- Мисс Говард?	1, 3
Умные дьяволы.	8
Его глупое недоразумение с мадам Рейкс забыто.	1, 3
Никогда не забуду, как он смотрел, когда вошел в комнату миссис Инглторп.	5
Из любви к ней.	5
Вы такие милые люди.	5
Чудесная девушка.	5, 7, 8
Никогда не пойму женщин.	6
nan	4, 6
Он молил Зигфрида оставить его в живых и отдал ему меч.	4
Привет, папа.	5
Начнем с большой вышки.	2
Простите, тренер.	6
Я не прыгнул.	7
Одежда должна украшать, Бастиан.	3
- Она мне нравится.	5
- Хорошо, но мне не нравится.	3
Ты ведь не помнишь, не так ли?	6, 7
Бастиан, помоги нам.	4, 5, 8
Пожалуйста, вернись обратно, Бастиан.	6
"Но ведь это ""Бесконечная История"" !"	1, 3
Верни ее.	2
Нет, Бастиан!	7
Нам грозит страшная беда.	4
Фантазия!	2, 5, 7
Землянин спасет Императрицу!	2, 5
Заходи, мой шпион.	2
Троелицый!	7
Как ты?	4, 5, 8
Это была моя самая лучшая посадка.	5
Похоже, что ты только что получил крылья.	8
Чистая кислота!	2, 3, 7
Кислота?	7
Ну же!	2, 8
Ну давай, пожелай же!	2
Мне надо увидеть Императрицу.	2
- У меня нет времени спрашивать.	1
- Они выглядят гигантами.	4, 7
- Я не могу их видеть!	7
Пожелай ради наших жизней!	4
Нимбли!	5, 8
Красивый вход.	7
Та же сила, которая в твоем мире сделала книгу пустой сделала меня пленницей моего замка.	6
Для существования нам необходимы ваши мечты и желания.	8
Окажи мне что я должен делать!	8
Орин поможеттебе.	8
Бастиан, ты моя последняя надежда!	8
Мы должны призвать всех в Фантазии чтобы помочь нам.	2, 4
Сейчас!	2
Я боюсь.	4
Вы знаете, что это значит?	2
У детей из моего мира больше не будет историй для чтения.	6
Бастиан!	5
В моих мечтах я видел свет над Серебряным Городом и я знал, что есть надежда.	5
- Ты видел Гигантов?	7
Люди говорят о замке, выстроенном в виде руки.	2
Мне нужен кто-нибудь летающий и способный испугать любое живое существо в этом замке.	2, 8
Ой, нет!	6
Кто знает, что он может натворить!	4
- И что ты собираешься делать?	4
"Кто-то сказал "" поймать"" ?"	2, 5
Фалкор, смотри!	5, 7
Очень необычная рука.	2
Мы должны найти Отрейо.	2, 8
Привет!	5
Смотрите, люди!	4
Джуниор когда ты научишься различать скалы и нос?	1, 7
Чем я могу помочь вам?	2, 8
Внутри написан ваш адрес.	1, 2
Мой сын исчез вчера вечером.	4
Трудная книга для молодого человека.	8
Может вы сможете объяснить его исчезновение внутри.	8
Отрейо, настоящий!	2, 5, 8
Быть настоящим - это шутка в вашем мире?	6
Да!	1, 5
Также как и ты.	1, 2
Он опасен, но может и сработает.	2
Если в вашем мире Бесконечная история исчезнет,  дети больше не узнают о Джуниоре.	6
Если люди забудут о нас никто не будет придумывать веселые трюки для Джуниора.	6, 7
Нет!	1, 3, 4, 6, 7
Больно!	1, 4, 7
Я не могу дышать!	4
С тобой все в порядке?	8
Ты помнишь, что нужно говорить?	8
Вы, наверное, удивились, увидев меня здесь?	7
В прошлом между нами были разногласия, но я уверен мы можем их разрешить.	2, 8
Я люблю читать.	5
А вы, скорее всего, не любите.	2, 6
Вам - Босс, вперед!	2, 5
Теперь твой шанс, давай!	7
Забудь!	1
В вашем мире такое оружие?	7
Я не верю что мы сделали это.	7
Они абсолютно пустые.	3, 6
Я победил тебя?	1, 2, 7
Мы.	8
Конечно нет!	1
Я требую, чтобы ты освободила Императрицу!	1, 3
Она моя пленница навсегда.	3
Ты наложила заклинание и ты можешь снять его!	1
Тогда пойдем в Жемчужный замок.	2
Мистер Кореандр?	2
Я вынужден отказаться.	2, 4, 8
Мой Ксомобиль действует просто великолепно, джентльмены.	8
Это все специально подстроено.	7, 8
Этим утром здесь все было занято книгами. От одной стены до другой!	7
То, что я видел, то я видел...	1
Это пояс, который делает хозяина невидимым.	7
Я не вижу самого себя.	4
А что если я не смогу снять его?	4
Мне не нравится это.	4
Не задерживайся.	4
Я сейчас вернусь.	2
Мы кружимся вокруг одного и того же места.	1
Бастиан, я жду!	1, 2
Не дай ей обмануть себя.	1
Как я могу быть уверен, что она помогает нам освободить Императрицу?	6
- Я не верю ей.	3
- Я могу понять когда мне врут.	1, 3
А зачем вспоминать вещи, которые можно пожелать?	2, 7
Хочешь попробовать?	5
Даже если мы умрем?	4, 6
Завтра мы можем стать пленниками Ксаиды.	2
Не иди к нему злым.	2
Ты прав.	8
Ты права.	6
Ты завидуешь, что у меня Орин, и ты пришел забрать его от меня.	1, 4, 6
Почему ты не вернешься и не поиграешь в героя в своем мире, Землянин?	3
Гиганты!	7
Спасибо.	1, 2, 3, 5, 8
Это твоя вина.	3
Один два  три!	5
Не забывай меня, Бастиан.	6, 8
Пойдем вместе со мной?	2, 8
Тот, кто шпионит и улетает живет для того, чтобы завтра шпионить снова.	7
Я сожалею что все произошло именно так.	4, 6, 8
Друзья?	2, 8
Вы окружены и нас больше, Бастиан.	1
Если я использую последнее желание -	2, 5
Фантазия будет потеряна.	6
Очень хорошо.	8
Но что случится с твоим отцом, если он потеряеттебя навсегда?	4
Загадай желание.	2, 5, 7, 8
Я желаю чтобы у тебя было сердце.	2
Но ее можно наполнить любовью.	2, 5
Будь смелее.	5, 8
- Я волновался о тебе.	4, 6, 8
Ты вернулся.	3
Бастиан, я люблю тебя.	8
Когда ты была на свидании последний раз?	1, 2, 7
Ха. А ты, как есть, боишься этого местечка.	2, 7, 8
Дурак.	5
Давай сделаем то, за чем приехали, и будем возвращаться.	1, 3
Вот они выходят из могил, Барбара.	1
Есть тут кто?	2, 7
Поспокойнее!	1, 2
Сдохни... чёрт подери!	1
Ты мне тут по винтикам не разваливайся. Слышь?	6
Там сейчас передают всякую чушь.	6
Как бы это они разъяснили, почему труп, со свёрнутой башкой, разгуливает, будто так и надо?	7
Ну, стали их окружать, теснить к своим фурам, чтоб загнать в прицепы и там закрыть.	1
Десять-двадцать тварей уже было заперто в фургоне.	6
Какая-то машина снаружи взорвалась.	4
Я видел, как в одну тварь засадили десятка с три пуль, а ей - хоть бы что.	4
Здесь происходит нечто такое, о чём никто никогда не видел и не слышал.	2
Должно же быть в доме оружие.	4
Что это?	2
Его жена кричала, из подвала.	7
- Бен. - Чуть мне руку не сломали.	1, 3
Пожалуйста. Мы перепугались до чертиков!	4
Готов поклясться, дядя мёртв.	7
Продолжай, Том.	2
А если не дотянем? Предлагаешь испытать судьбу?	2
Возле сарая есть бензоколонка.	2, 5
Что за вздор!	1
Нет, я ни за кого не решаю, Купер.	1
Я думаю о своей собственной заднице.	5
С мысли сбиваешь!	4
Уверен, что это взаимно. Поэтому давай, не лезь ко мне, а я не полезу к тебе.	3
О чём ты ещё не сказал?	7
На руках видел девочку, она была ранена.	6
Да ты просто ошибся, когда проверял пульс.	8
Погнался за ним как...	4
Он застрелился.	3, 4, 6
- И идея хорошая.	8
А окна выдержат, да?	7
- Вы - психи!	4
Совсем рехнулись!	3
- Томми! - Не стой!  Делай, что сказано!	1
- А мы?	4
Молоток только один.	1
Да пусть у них будет хоть сотня стволов - всё равно внизу безопаснее!	2, 5
Идём наверх. Я не открою дверь, и тебя не подпущу.  А если попробуешь...	4
Мы должны найти ей доктора.	4, 6
Наверху докторов нет. И пути из этого дома тоже нет.	4
В какой дыре мы застряли.	4, 7
А надо ещё.	1
Ножки откручивай.	1, 2
Захвати моё ружьё, на обратном пути!	1
Давай гвозди.	8
Нам надо прорываться, пока не стало поздно.	4
Вы хотите выбраться отсюда, знаю. И я тоже хочу.  Этим и займёмся.	2, 8
Ты - молодец, честно.	5
Провернем всё, как надо, если будем осмотрительны.	2, 8
Она не спятила?	1, 3, 7
Скорее!	2
Сюда!	3
Не ходи.	4
Вот чёрт!	3
Хоть в тридцати, хоть в ста тридцати - нам разницы нет.	3, 4
- Некогда нам ждать.	2
Безопасно здесь только в подвале.	4
- Они ещё попросятся к нам.	1
- И как ты поступишь, Гарри?	1
Что ты задумал?	7
Чего добиваешься? Заткнись!	1
- Сейчас откроем!	2
Открывай по-хорошему, Купер.	1
Дверь больше не запирать!	5, 7
Вдруг нам придётся спуститься.	1
Чтоб у тебя в запасе был подвал? Так вот, подвал - либо сейчас, либо никогда!	1
Нечего строить из себя невесть кого!	7
Никого мы не турнём.	8
О, Боже.	4, 7
Элен, живо спускаемся вниз!	1, 2
Купер, подай гвозди - вон те! Не могу отпустить!	1, 2
- Руки убери!	1
- Вы убили Мак-Грудера!	7
Они мертвы, и всё же нападают.	4
Быть такого не может.	6, 7
Хватай его!	2
Он умер?	6
Так он умер, или нет?	2, 4
Да неужели?	7
Что бы я там ни потеряла, произошло это гораздо раньше. Вот и хватит с меня потерь!	1, 6
Всё будет хорошо, слышишь?	2, 5, 8
- На сколько патронов магазин?	2
и, по-видимому, абсолютно не способны мыслить и говорить.	6
В вооруженных силах проведена общая мобилизация, но волна агрессии захлёстывает всё новые территории, поэтому спас-отряды не в состоянии выручить всех, кто в том нуждается.	6
Единственным разумным объяснением феномена, по их словам, могут служить микробы, бактерии, либо вирус, оказывающие влияние на восприятие действительности человеком.	4, 6
- Ну удружил, баран!	1
Дурак ты...	1, 3
Чтоб тебя!	1
Сука такая!	1
Как ещё нам узнать о том, что творится в мире! Внизу он мне не нужен.	1, 6
- Ни шагу ближе, чёрт возьми.	1, 4
Давай сюда, чёрт подери!	1
Не дай Бог, он встретит меня запертой дверью.	6
- Лучше умолкни, Купер.	1
Вот, где придётся труднее всего.	6
Езжай давай!	1, 2
Тормози, Бен выпал!	1, 4
Тормози!	4
Бен выпал, надо подобрать!	6, 7
- Бен выпал!	4, 6, 7
! И ты молчал?	1, 6, 7
Ключ не тот! - Чего?	6, 7
Ты что, на хрен, делаешь?	1
- Гуляй к черту!	3
Ах ты, мразь!	1, 3
Чёрт бы тебя побрал!	1
Купер, нет!	6, 7
Неустановленная сила возвращает мертвецов к жизни. Дошло до них, наконец.	4
Остановить агрессоров можно... только лишь физическим уничтожением их мозгов.	4, 8
Сведения об убийствах и случаях каннибализма, регуляно поступающие с прошлого вечера, признаны имеющими место. Агрессия эта исходила и исходит от оживших трупов.	1, 6
Не стрелять!	4
Господи Боже, разрази меня громом на хрен!	3
Во имя шаров Юпитера, что Вы тут делаете одна, леди?	4
Захуярь урода!	4
Возможно, их здесь не меряно.	4
Да ты полный придурок, понял?	1
Где это дерьмо?	1
Вырубите свет!	1
Вы только посмотрите - целая кодла маленьких ублюдков. Что вам ещё здесь нужно, кроме проблем на свою жопу?	1, 2, 3
Заткнись, я сказал!	1
Тебе кажется, это смешно, но здесь ты моя.	3
Я таких насквозь вижу.	1, 3, 8
Это же всего лишь игра.	3
Умница.	2
Я вас всех убью!	1
Пусти меня, козёл!	1
Я должна быть в тюрьме.	6
Подождите. Я должна увидеть маму.	4, 6
Просто скажите мне, это что, небеса?	4
Тебя научат читать, улыбаться, разговаривать, двигаться и убивать.	2
- Родине служить.	2, 8
- Открывай.	1
Скажи им, чтобы открыли дверь!	1
Это немного подрежет тебе крылья.	6
Давай начнём с очень простой программы.	2, 8
Отлично. Если ты нажмёшь здесь, то сможешь что-нибудь нарисовать.	2
Это оружие, с которым мы обычно работаем.	4
Приготовься.	2
Присядь вон туда.	8
Рада их отсутствию.	6
У нас прорезалось чувство юмора.	8
- Познакомилась с кем-нибудь?	5
На следующей неделе мне исполнится 20.	2
У меня сейчас запарка. Рад, что ты зашла.	5
- Я не знаю.	6, 7
С днем рождения.	5
После этого я уже ничего не смогу для тебя сделать.	6, 7
Смотришь на мои руки?	1
Запомни есть только две вещи без ограничений.	2
Я могу?	1, 6
Как обычно?	5, 8
Смотри сюда.	2
Он заряжен.	2
Она... У нас проблемы у входа.	4
Мать твою, придурок! Дай мне войти!	1
Ты завтра выходишь отсюда!	1
Мне будет тебя не хватать.	6
Не садись.	1
Банк напротив больницы, ежемесячно будешь получать переводы.	2
Замечательно.	5, 8
По-любому, не дороже десятки. Десять франков.	2, 5
Не расстраивай меня.	3
Объедки?	4
Я поставила чайник.	2
Хорошо ли принцессе спалось?	2, 5, 8
Так что скажешь по поводу приглашения Леона на ужин?	5
Возможно, мы с ним скоро откроем своё дело.	2
Ни родителей, ни друзей.	1, 2
Доброе утро. Служба доставки.	5
- Это Боб.	2
- Всё отлично.	5
Просто хочу тебя поздравить.	2, 8
С удовольствием.	2, 5
Дядя Боб. Я прав?	7
Отличный галстук. Она там приводит себя в порядок.	1
Пожалуй, хватит комплиментов. А то я уже начинаю нервничать.	4, 6
Ещё один - и достаточно.	2
- Должен выразить Вам признательность.	5
Она была красавицей уже тогда.	5, 7
У неё всегда была ленточка в косичках и она носила только белые платья.	8
Я однажды видел её летом когда вся семья снимала дом в деревне.	6
Если подсчитать всю родню и соседей то там было по крайней мере штук 20 детей, постоянно искавших себе приключения.	1
Нет, вот ещё одна гондола.	4
- А я хочу пить.	8
- И я.	1, 6
Сборку закончила.	5
- Как я его открою?	1
- Мы можем поговорить?	4, 6
Я не знаю что ты сделала, или что случилось, что ты так себя ведёшь не будем об этом.	3, 6
Худшее, что только можно представить.	1, 6
Приготовься. Клиент появится через 10 секунд.	2, 4
- Ещё нет данных.	6
Я так рад снова тебя увидеть.	5
Думаю, что скучаю по временам, когда ты была для меня всем.	6
Превратности любви.	5, 8
- Давай это отметим.	5
Непременно.	5, 8
Он в девятом номере, встречается с одной из любовниц.	8
До встречи.	5
Сам он нам не особо нужен.	3
- По крайней мере ясно, с чего начинать.	2
Не смей меня больше так пугать.	4, 7
Как это ты умудряешься работать в больнице и так чертовски хорошо пахнуть?	5, 7
Хороший парфюм.	2
Мари-Хелен. Она что, ничего Вам не сказала?	7
Рецензии в пяти журналах поднимут её стоимость вдвое.	1
Немного виски.	5
- Они сменили его этим утром.	1, 6
Послушайте, это моя операция.	1
Всё ясно? Можешь засунуть своего вонючего чистильщика в задницу!	1
- Я в порядке.	1
- Успокойся.	8
Ну так он здесь.	1
Виктор, у нас есть план.	2
Чтобы спасти твою задницу.	1, 3
Вот придурки! Я думал, Вы хотя бы убили их.	7
Теперь можешь ехать в посольство сам!	1
Вот! Вот тебе ключи!	7
И не будет никаких звонков.	1
Хорошо, но только на один час.	2
Время вышло.	3, 4
Уезжаем отсюда, пожалуйста.	4
- Кто этот человек?	4
Господин посол, какие-то проблемы?	4
Охрана на боевых позициях.	8
Стой!	1
- Вокруг квартала и сразу назад.	2
- Мы покойники!	4, 6
Эта работа не для тебя. Слишком непосильная.	3
И я хочу о тебе заботиться.	6
Говорю, что есть.	1, 3
Нет никакой Мари-Клемен в больнице. Я знаю, что происходит.	1, 2
Через что тебе пришлось пройти. Шпионаж, наблюдение видеокассеты.	4, 7
Я просто любил тебя.	5
Жизнь дала мне только такую вот любовь.	5
И как долго она... Разве она не заплатила по счетам?	6, 8
Попробую но она заставила меня охотиться за ней.	4
Настоящее золото я бы вам не доверил.	3, 8
Да, моя жена постаралась.	1, 4, 6, 8
- Говард, как ты?	2, 8
- Да.	2, 4, 7
Да, звонила.	3
- Не знаешь.	1, 2
- Я слышал, ты вышла замуж.	5
Пока. Спасибо.	5
- Ты куда собрался?	7
Хорошо.	1, 2, 4, 5, 8
Ребята, что у вас здесь за система?	3
- Это новая машина.	7
- Я люблю эту машину!	5, 7
Добро пожаловать.	2, 5
У всех, кто приезжает в Голливуд, есть мечта.	2, 5, 8
Все уходят?	6
Успокойся, девочка.	7
- Ещё 200?	4
- мы что-нибудь придумаем, Вивиан.	2, 5
- Что мы придумаем?	2, 5
Она тебе в самом деле нравится, Карлос?	7
С тобой невозможно было посоветоваться.	1
Сидела на кокаине.	3
Доминик несколько месяцев пытался вправить ей мозги.	6
- Эй, Рейчел.	2
- Да, но она новенькая.	8
- Это, потому что я хочу есть.	5
- Привет, девочки.	7
Карлос прямо тащится от тебя.	7
Мы говорим кто, когда и сколько.	8
Эй, сладкий, хочешь повеселиться?	2
Конечно.	1, 2, 8
- Нельзя брать за это деньги.	1
- Твоя?	8
Крышу от этого сносит?	2
А ты что не разбираешься в машинах?	7
Держись.	2
- 100 долларов за ночь?	7
- За час.	2, 6, 7
- Наверное, шутишь.	1, 7
Пока нет. Но потенциал есть.	2, 8
- Вам ещё понадобится машина?	2
- Надеюсь, что нет.	4
Ты лучше накинь плащ.	2
Вау.	3, 7, 8
- С тобой всё будет в порядке.	2, 5, 8
И хватит дёргаться.	1
Попросите, пожалуйста, доставить в номер шампанское и клубнику.	2
Я не ношу колготки.	2
Закрой рот, дорогой.	1
- Он самый лучший.	5
А что, ты всё планируешь?	1, 2
Всегда.	2
Знаешь, ты мог бы заплатить мне.	1
Полагаю, ты принимаешь наличные?	2
- Я безопасная девушка.	8
Уверен, ты повидала уйму адвокатов.	2
Дай я займусь этим.	3, 4, 8
- Куда нам это поставить?	2, 5
- Чего это он смотрит?	2
Сейчас моя бывшая жена на Лонг Айленде, в моём бывшем доме, с моей бывшей собакой.	3, 6
Круто.	5
Остаться здесь?	2, 8
- Рискни.	1, 2, 8
Я выйду через минуту.	2
Что это у тебя в руке?	6, 7
А дёсны запускать нельзя.	7
Знаешь, я никогда не смотрела эту серию.	5, 7
Что ты хочешь?	2
- Кстати, Фил, насчёт машины.	6
Что это значит? Эдвард...	1
- Через минуту меня здесь не будет.	1, 2, 5
Я позволил себе заказать всё, что было в меню.	2
- Хорошо спала?	2
- Профессиональная особенность?	4
Всё это очень непросто.	4, 6
У меня был дедушка.	5
- Это Фил.	6, 8
- Это хорошо.	2, 5, 8
- я знаю симпатичных девушек.	5, 8
У меня есть к тебе деловое предложение.	2, 5
- Вот чёрт!	7
- Я звонила и звонила.	1, 8
- Он хочет оставить меня на неделю.	2
- Он симпатичный.	5
Хорошие вещи.	5
- И не открывать.	4
Не думаю, что у нас есть что-то для вас.	6, 7
Спасибо, Дэннис.	5, 8
- А как вам больше нравится?	2
Тогда вы, должно быть, его...	2
У меня достаточно денег и нет платья.	6
Просто невероятно.	7
Забудь! Мы потратили на это тысячи человеко-часов!	1, 2
- Я думаю он прав.	3
Я не понимаю что сегодня происходит, господа.	4, 6, 7
Он очень мил.	5
Нет, я не хотела его помять.	4, 6
Ещё я купила туфли.	2
- Алло!	1, 4
Я буду в фойе отеля ровно в 7:45.	2, 5
Перезвоните ей, пожалуйста.	4, 6
Скажите ему, что у меня сейчас очень важный телефонный разговор.	1
- Я сказал не подходить к телефону.	1
Так перестань звонить мне.	1, 3
У меня маленькая проблема.	2, 4
Не сутультесь.	1, 3
- От вашей племянницы, сэр.	5
Интригующая юная леди - мисс Вивиан.	7
Поехали ужинать?	2
Я закажу.	5, 8
- Кто это заказал?	7
- Я и так богат.	1
Я хочу возглавлять свои верфи.	1, 2, 6
Я не знал.	6, 7
- Как вам удалось провернуть такое?	7
Буду ждать этого, сэр.	2, 8
Спасибо за краткий обзор.	2, 5
Мне понравится, если ты слезешь оттуда.	3
- Слезай.	2, 4
А если я наклонюсь ещё немного?	6, 8
Ну, конечно, не с тобой.	2, 4, 8
Конечно не со мной.	2, 3, 8
У нас с тобой столько общего.	5, 8
- Когда он умер?	6, 7
Я не разговаривал с ним 14 с половиной лет.	2
Меня не было с ним, когда он умер. Не было.	4, 7
- Нет.	6, 7
Мне одной наверху стало совсем скучно.	6
Люди всегда делают так, как ты им говоришь?	1
Опять по магазинам?	5
Я удивлён, что вчера ты купила только одно платье.	7
Успокойся. Хорошо.  Избавься от жвачки.	6, 7
Извините, сэр.	7
Просто неприлична, или оскорбительна?	1, 2, 3
- Как он мне нравится.	5, 7, 8
Вы не только симпатичный, но и могущественный человек.	8
Ей. Простите, сэр, простите.	6
Крутой старик.	7
И всё равно он должен взять у кого-то ссуду.	2
Я буду в офисе через час.	2
Ты был прав.	7, 8
Теперь твой ход.	1
Моя мать была учительницей музыки... Она вышла замуж за моего отца, его семья была очень богата.	5, 8
Потом он развёлся с моей матерью ради другой женщины.	1
Я был очень зол на него.	1
- Ты же приехал.	5
Закончился очередной чаггер. Дамы и господа!	2
Чувствуйте ритм.	2, 5
- Я провожу с ними время.	2, 5
Как ты нашёл её?	7
- Как вы?	8
- Я так и думал, что это вы.	7
Потрясающе! Это хорошо.	2, 5, 8
Выслушай меня.	1, 4, 8
И что теперь? Они стали лучшими друзьями?	2, 7
Сенатор Адамс, я рад, что вы смогли выбраться.	5
Сейчас там никаких изменений?	1, 7
- Тебе весело?	2, 5
Послушай, может... мы с тобой могли бы встретиться после отъезда Эдварда?	2, 8
Это хорошо.	5
Мне жаль, я говорю серьёзно.	1, 8
Ещё в жизни я не чувствовала себя такой дешёвкой, как сегодня.	1, 3, 6
Мне нужны мои деньги.	1, 4
Прости.	6
Это было глупо и жестоко.	6, 7
Ты пробудешь у меня неделю?	2, 5
Почему?	2, 7
Мне это не понравилось.	6
Мы просто болтали.	6
Ты обидел меня.	1, 3, 6
но я не смогла платить за жильё.	6
Она была шлюхой и мне всё расписала.	3, 6
Проплакала с начала до конца.	6
Из тебя могло бы столько всего получиться.	8
Я не хочу с ним говорить сейчас.	1
- Куда ты идёшь?	5
Кое-чего не хватает.	4
Четверть миллиона долларов?	7
Что ж, похоже, полёт пройдёт гладко.	5, 8
Мы прибудем туда через 50 минут.	2
- Премьера не начинается вовремя.	6, 7
Сюда, мистер Луис.	2
Потому, что они самые лучшие.	2
В противном случае они могут научиться ценить её, но она никогда не станет частью их души.	3
Возьми отгул.	2
Мне не работать?	7
- У него выходной?	7
И ты, наконец-то, избавишься от меня.	2
Да, правда.	2
Ты хотя бы исчезнешь с улицы.	2
Он взбирался на башню и спасал меня.	5, 8
Мне нужно идти.	7
Но сейчас я способен только на это.	6
- Дайте я поговорю.	2, 4
Она уже идёт.	1
- Ты должна была зайти во вторник.	1, 6, 7
Сядем здесь.	5
Ты когда чистенькая, такая симпатичная.	7
Эдвард спросил меня, захочу ли я встретиться с ним снова.	7
Ты влюбилась в него.	5, 7
- Ты целовалась с ним в губы?	5
- Послушай, я не дура.	1, 3
Может, понимаешь, вы могли бы пожить вместе. ... ты знаешь, купить коня, бриллианты и дом.	1
Когда это случается?	4
Я буду за дверью.	8
- Хотите чашечку кофе?	5
Я уже не хочу покупать вашу компанию и разбивать её на части.	1
Мне очень трудно сказать это, не показавшись назидательным, но ... я горжусь вами.	7
Если я буду трахать тебя, может мне будет наплевать на потерю долларов.	2, 6
Сейчас я просто схожу с ума.	4
Так что может быть если я трахну тебя и свожу тебя в оперу, тогда я тоже стану счастливым.	5, 7
- Может пятьдесят долларов?	3
Ты хочешь меня покалечить?	1, 3, 6
Пошёл вон!	1
Почему парни всегда знают, как нужно бить женщину? Прямо по щеке.  Глаза сейчас взорвутся.	3, 6
Мне было хорошо.	5
Да. Я заметил, ты собрала вещи.	6
Эдвард, всегда будет какой-то парень, может быть даже твой друг, который будет считать, что может обращаться со мной как с ...	3, 4, 6
Ты всё изменил и не сможешь ничего вернуть обратно.	6
Хочешь, я вызову тебе носильщика?	1, 2
Я не могу.	4, 6, 7
Знаешь, а в Сан-Франциско не так уж и здорово.	7
И чем же ты будешь заниматься?	7
Ты считаешь, что у меня есть потенциал?	2, 7
- Не позволяй говорить тебе обратное.	5, 8
Во сколько у тебя автобус?	2
- Береги себя.	2
У вас нет для меня посланий?	2
Должно быть трудно расставаться с такой красотой?	6, 7
Вы вернётесь в Нью-Йорк вовремя.	2
Ну так что случилось после того, как он забрался на башню и спас её?	2
Она тут же спасла его в ответ.	2, 8
Добро пожаловать в Голливуд.	2
О чём вы мечтаете?	2, 5
Все приезжают сюда.	5
Её Величество были очень любезны.	1, 7
И король благосклонно принимает наше предложение.	2, 5, 8
Что скажешь?	2, 7
Как будет обходиться без тебя пьемонтский флот всё это время?	5, 8
Придётся нам найти другие возможности.	2
Это мой лучший сокол. Для меня это великая честь, Ваше Величество.	5, 8
Она стимулирует нашу жизнь.	8
Вам стоит попробовать.	2
Не бойтесь.	2, 8
Тогда он должен туда поехать.	6
Поверить не могу!	4, 6, 7
Когда мы едем?	3, 7
Что происходит?	1, 7
Ты этого даже не скрываешь.	8
Почему ты мне не веришь?	1
Слышишь меня? Кто бы ни испытывал, честь рода де Веруа не позволила бы её проявлять.	2
Подкиньте дров!	4, 7
Пример для всех нас.	8
Что это за поручение?	7
Я обезумела.	6
Абсурд!	3
Он слишком глуп.	6
- Голов, которые она решила свалить.	6
Воплощение жажды крови.	1, 4
- Он тоже?	2
Когда Франция нас захватит, чем нам поможет Испания?	2, 7
Заберите меня! Несите брёвна!	4
Мы делаем всё, что в наших силах.	8
Вы поняли?	1, 4
Мне надо умыться. Вы должны быть во главе своей армии.	1
Ты теперь совсем другая.	3
Сжечь французскую шлюху!	1, 3
Плевать я хотел на Господа, да и на весь мир.	1, 3
Я впервые сделал то, что действительно хотел сделать.	2
Он нам поможет.	2, 5, 8
Несмотря ни на что, похоже, он смог заставить полюбить себя.	8
Это как темнота.	4
Он - моя тюрьма.	3
Защити меня!	4
Почему ты так странно на меня смотришь?	4, 7
Никогда не знаешь, что он видит, о чём думает.	7
Я люблю своего брата.	5, 8
А я люблю тебя.	5, 8
Я так по тебе соскучилась!	6
Нерон тебя подождёт, детка.	8
- Всё тут, графиня, посмотрите.	5
Она теперь твоя.	8
Ну да, смерть нам точно обеспечена!	1
"У меня тут матрос, который выжил, когда потонула ""Золотая стрела""."	7
И в щепки разнесло корму.	1, 7
Просто чудо, что старина Билли выжил.	5, 7
Жаром несло, как из топки.	7
Не слушайте этого пропойцу, парни, и вас всех угостят грогом, если конечно он полезет вам в глотку после этих его страшилок...	5
Порядочным людям здесь не место.	1, 3
Сматываемся!	1, 2, 3, 4, 5
Минутку, профессор.	7
Да?	2, 7
То есть вы не отрицаете вероятность существования чудовища. Это так?	1, 2, 3, 4, 6, 8
Я ничего не отрицаю.	1
Что вы там рисуете?	2
А теперь еще крылья добавь.	8
ЧУДОВИЩЕ СУЩЕСТВУЕТ, ЗАЯВИЛ ФРАНЦУЗСКИЙ УЧЕНЫЙ	4
Если задуматься, идея довольно интересная.	7
Вы и так навредили достаточно.	1
Ваши наблюдения могут повлиять на общественное мнение.	2, 8
Нет. Слова профессора переврали чудовищным образом.	3
Да, боюсь, меня переврали.	6, 7
Очень любезно с вашей стороны.	3
Мы согласны.	8
Должен заметить, у него весьма жесткое мнение относительно морских чудищ.	2, 8
Мы плыли на юг, и волнение заметно нарастало.	5
А частые ложные тревоги никоим образом не поднимали наш дух.	1
С крючка всегда срывается самая большая рыба.	6
Была у меня Русалка Минни	6
Когда бы я ни пожелал	5
Она променяла меня на форель	5
Про летающих рыб и про девушек, что я любил	5
Когда мы целовались, я бурлил, как лава	5
Разрази меня гром	2, 5, 8
История невероятная, но это чистая правда	5
А нос как штурвал	3
Такими же лунными ночами, как эта	5
Все наверх!	1, 2, 4
Ни одной живой души не осталось.	5, 6, 8
Черный порох или еще того хуже.	3
Вероятно, налетел на что-то.	5
Что-то налетело, говорите?	2
Вы ведь о чудовище, верно, дружище? Точно!	7
Чудовище?	4, 7
Точно чудовище!	4
Заряжай! Запал!	2
Есть, сэр.	2, 5, 6, 8
Разворачивается в нашу сторону!	5, 7
На помощь!	4
Вы что-то видите? Хоть что-нибудь?	2
Я совсем окоченел.	4, 6, 7
Мне плевать, что это такое, главное оно на плаву.	2, 8
Есть кто-нибудь?	4
Идемте.	2
Держите весло.	1
Ну, он нашел свое чудовище, верно?	1, 5
Я думал, что больше никогда вас не увижу.	7
Взять его!	1, 3
Потопите баркас.	4
Не надо пихаться, приятель.	5
Вы с военного корабля, который напал на меня, верно?	1
Вы враг, явившийся уничтожить меня.	6
Но это не так.	6
Не наша вина, что вас обстрелял военный корабль.	1
Приговор уже вынесен.	4
Море вас и заберет.	6, 8
Но мы виноваты не больше, чем прочие жители этой планеты.	6
Вы написали прекрасную книгу, но ей не хватает размаха.	7
И готовьтесь к погружению.	2, 5
Все по местам. К погружению готовы.	2
Держи. Вот так.	6, 8
Зовите меня капитан Немо.	8
Не знаю, капитан. Любой узник имеет право на побег, не так ли?	2, 5
Это правда.	5
Никогда не ел ничего вкуснее.	5, 7
Да, мой кок большой специалист по морепродуктам.	8
Поскольку мы приближаемся к острову Креспо, у вас появится возможность самим выбрать себе еду.	2
То есть, мы покинем субмарину?	4
Когда начнем, приятель...	2
Попробуйте сигару, профессор.	2
Не могу не признать, что вы приняли нас на славу, капитан.	5, 8
Благодарю.	5, 7
В вашем случае я хотел проверить, насколько вы верный товарищ.	8
Ваш нелепый пыл может оказаться мне полезен.	2
В вашем распоряжении книги, произведения искусства, мои коллекции, даже музыка, если пожелаете.	2
Я знал, что без подвоха не обойдется.	6, 7
Но они быстро научатся.	2, 5, 8
Я вас с ними познакомлю.	2, 5, 8
Здесь у него имелось немало различных субстанций, необходимых для поддержания полноценной жизни.	2
Уму непостижимо!	7
Капитан, мы оставили там клад!	7
Абсурдно наделять такой ценностью самый бесполезный из металлов!	1, 3, 7
Даже не думайте, что это была пустая угроза.	4
Если вы не прекратите лезть на рожон, он убьет нас всех.	6, 7
Не знали?	4, 7
Да вы сами помогли мне вытащить сундук, обманщик!	1, 3
Я бы купил себе корабль, а вам не пришлось бы голодать на профессорском жалованье.	1
И не надо делать большие глаза.	1
Тогда хотя бы позвольте мне попытаться.	8
Я знаю, что могу завоевать доверие капитана, но мне нужно время и ваша помощь.	2, 8
Я могу на вас положиться?	2, 4
Вы должны кое-что знать, профессор.	4
Глупец.	1
Это как посмотреть, профессор. Что вы имеете в виду?	1, 3
Его жизнь ничтожна.	3, 6
Обычное судно было бы серьезно повреждено.	5
У меня было много дел, поэтому я предоставил Конселю разбираться с Недом Лендом.	8
Какая прелесть, правда?	5
Мы отправились в сердце судна машинное отделение.	4, 6
Необъятная сокровищница природы, где я блуждаю по своей воле.	5
Только здесь, на дне океана, возможна независимость.	2
Так вы лучше увидите, что я имею в виду.	8
Селитра и фосфат для боеприпасов, семена войны.	1, 2, 5
Когда-то я был одним из этих несчастных.	3, 6
Посмотрите еще раз.	1
Я не хочу, чтобы вы забыли то, что сегодня увидели.	8
Я бежал оттуда не один.	2
Были и другие, и большинство из них по сей день со мной.	8
Далекое и удобное.	8
Вы получили приказ.	8
Ускоряемся, идем на таран!	4
Они были моряками, такими же как я, и их убило чудовище, с которым вы пытаетесь подружиться.	1, 3
Нед, не надо.	4
Но не на лицах этих утопленников, а на лицах тысяч и тысяч погибших!	4
Или, по-вашему, убивать можно только этой проклятой расе, забравшей у меня все?	3
Они хотели.	6
Меня бросили в тюрьму, а когда это не помогло...	4
Вы знаете, что такое любовь, профессор?	2
Но силы ненависти вы не понимаете.	1, 2
Я вам сочувствую.	6
Это горькая замена.	6
Я пытался тут прибрать.	1
Я хочу с вами поговорить.	4, 8
По-моему, все зашло слишком далеко.	4
Вы в этом уверены, да?	7
Вы не можете его судить.	1
Это профессор подослал вас?	1, 3, 4
Вы были правы.	4, 8
Немо его околдовал.	5, 8
Я с самого начала знал, что вы воруете еду и сокровища.	6
Именно этого я и ждал!	2, 5
Чуть не попались, приятель.	2, 4, 5, 7
Сам то он неплохо устроился.	8
Видите?	2
Да, верно.	4, 5, 8
Тихо!	1
Поцелуй меня.	2, 5
С дамами я лучше управляюсь.	6
Ладно. Вот тебе сигара.	5
Да, я тоже тебя люблю.	8
Будь умницей.	4, 8
Те, что в бутылках.	2, 7
Правда, устрицы несвежие.	3
Вы забыли, что на дворе 19й век.	6
Конечно, друзья!	1
Давайте.	2
Ну да, давайте.	8
А теперь я скажу вам, что я задумал.	2
Можно выкинуть головастиков, а выпивку оставить себе.	2, 5
Что случилось?	1, 2
Корабль не слушается руля, сэр.	7
Что теперь?	2, 7
Сломался руль, и мы сели на риф. К вечеру нас снимет отливом.	2
Еще как можно, приятель.	5
Думаете, вы справитесь?	1, 3
Справлюсь?	7
Спина у меня сильная. Как и ваше желание бежать.	2, 8
Аборигены людоеды.	3
Не вижу ни одной аборигенки, истосковавшейся по вниманию.	7
Сюда, скорее.	2
Не забудьте про людоедов.	4
Он нас просто пугал.	3, 4
Посмотрите на меня. Я не смогу.	4
Получится. И я напущу на Немо целый флот.	1, 2
Подождите!	5, 7
Вы заявились к ним без приглашения, и теперь они имеют полное право заявиться к нам.	1, 3, 5
Дайте мне гарпун, быстрее. Задрайте люк!	1
Хотите быть пленником что ж, пожалуйста.	1, 3, 5
Надо было попытать счастья у людоедов.	4
Военный корабль.	2, 4
Облегчить корабль, сбросить весь балласт.	1, 4
Из этой кладовки!	1
Профессор!	2
Выпустите нас!	1, 4
Полтора метра, и она прибывает, сэр.	4
Есть, сэр!	8
Мы опустились на 1 500 метров ниже роковой точки.	5
Самый полный ход, все двигатели!	4
Назад!	1, 4
Сильно досталось, дружище?	7, 8
Что с вами? Что случилось?	4, 7
Мистер Ленд.	1, 3
Клянусь своей наколкой	8
Славно, что ты тоже любишь музыку.	2, 5, 7
Эй!	2, 7
Эсмеральда, на этой посудине только ты меня и понимаешь.	5, 8
Давай еще разок.	1
Жил был старик Немо	5
Он кормил свою команду червяками и рыбой	5
Склизких угрей на тарелках из водорослей	3
То понимали, что это не мясо	5
Флабелины окулины пришлись ей по вкусу.	5, 7
Я очень рад, что вас освободили, Нед.	5
Какой кошмар. Так ему и передайте, от меня и от нее.	1
Спокойной ночи, Эсми.	8
Вы пытаетесь казаться хуже, чем вы есть.	1
Вам невыносима мысль о том, чтобы поверить в людей, потому если вы поверите, то все ваше существование, которое зиждется на ненависти и мести, все это обрушится, и станет ясно, что ваша жизнь сплошная ложь.	6
Сегодня он решил погеройствовать, а завтра захочет побыть негодяем.	3
Если бы люди и народы обладали той самой добродетелью, я с радостью поделился бы всем этим... Своими записями, всем.	6
Вы мне не доверяете? Что вы!	1
Позвольте мне попытаться.	2
Мы приближаемся к Вулкании.	2
Вот вам и ответ, профессор.	1
Нам устроили засаду те самые силы, которым вы хотите подарить знание.	1, 3
Наклон четыре градуса.	5
Но остров окружили военные корабли.	4, 8
Идут.	4
Нет, Нед, не надо!	4
Мы посылали вам сообщения!	2
Профессор...	5
Все уничтожить?	4
"Мы в последний раз погружаемся на ""Наутилусе""."	2, 4
Погодите. Зато я не понимаю.	4
А мыто тут при чем?	1
"Я умираю, и ""Наутилус"" умрет со мной."	6
Я не хочу умирать.	4, 6
Когда мир будет готов к новой, лучшей жизни, все это вернется.  В свое время.	2, 6
В каюту его.	1, 2
Спускаем ялик и отчаливаем.	5
Профессор, куда вы?	2
Катя!	6
Он был невротичным убийцей, никто ничего не потерял. Вы понимаете, чем это грозит Ларисе?	8
Вы глупец.	1
Его поймали в 8 километрах отсюда. Арестовали прямо на дороге.  Он не пытался скрыть свою личность.	7
Вы примете защиту Калибана хоть при каких-то условиях?	3
Тоня Комарова - обычное имя.	1
Он многое держал в себе.	7
Мне нужна ваша помощь.	2, 4, 5, 7
Я помог ей, чем смог.	1
В те дни это было обычно.	5
Товарищ генерал, когда я была маленькой, то хотела родителей. Можете представить, как я хотела родителей.	4, 6
Нет кольца - нет жертвы, нет жертвы - нет паствы... нет паствы - нет меня?	8
-Не люблю махать	6
Симпатичные ребята И такие естественные...	2, 5, 8
За палец, знаете ли...	6
Холодно.	6
Как тебе это? Нравится?	2
-Это не тот...	6
-Ну, ты очень вежливый.	1
Все смеются еад неожидаееой остротой Ринго.	5
-Нет	1, 4
Нет, я должен прилечь	7
Простите, это меню...	1, 4
-Эй, там внизу парень на голове стоит -Правда?	4
-Я не могу сказать больше	6
Но если этот человек должен быть принесён в жертву Каили, почему он не покрашен красным?	7
-У вас есть время до пяти часов.	3
Вы счастливчик!	1, 2
-Что это?	7
Олезай.	1, 2
-Попробуйте вы.	2
Я занимался подобными случаями.	3
-Тогда, это скорее всего, металл.	4
-Так ты неудачник, ювелир?	1
Это было раньше, сэр.	2
Есть все основания поторопиться, ювелир. Моя жизнь в опасности.  Три десять.	4
-Ты облажался, ювелир.	1, 3, 6
Опять не работает	6
Работало бы, если б правительство выделяло больше денег.	6
Он идиот.	1
Это розетки Надежные британские розетки	2, 5, 8
Как вы себя чувствуете?	6
-Приходится держать себя в руках	6
-Хватит	1
К чёрту! Вы просто сумасшедший учёный!	1, 3
О этим кольцом я мог бы править миром!	2, 5
Алджернон, лазер Оставьте его или я вызову полицию	1
Вы знаете, меня приглашали править миром, но я не стал...	1, 3
Они доверяют мне.	8
Почему мы должны ей доверять? Раньше она была против нас.	4
Это было ошибкой.	8
У меня ещё есть.	1
Теперь тот, кто носит кольцо, должен быть убит.	1
Где ты была?	2
Такая же, как сестра, являешься домой когда угодно, какого угодно цвета Конец второй части	1, 3
-Я не стал бы сейчас это выяснять	7
-Какая ужасная ошибка!	6
Не верти головой.	4
Пусть думают, что мы просто гуляем.	4
-Это же я, идиот!	1, 3, 5
Всё приходится делать самому.	1
-Это был Пол?	7
А вы что тут делаете?	2, 4, 7
Если бы у меня был Люгер...	1
Подождите меня	2, 4
У меня кровь к голове приливает	1, 4
-Вот что бывает, когда получаешь образование с помощью телевидения.	3, 6, 7
У меня очень редкая группа крови. Смотрите!	2
Извините, мне некогда. Я очень занят.	3
-Я опасаюсь за свою жизнь, понимаете?	4
-Видели?	3, 6
Отвратительно	3, 4, 7
Отбой	1, 8
Сюда, быстро!	2
Прицел влево	1
Придурки	1, 3
Должно быть в Англии место, где можно чувствовать себя в безопасности	1, 3
По моему, тут что-то лишнее.	2
-В Манчестере есть хороший барабанщик	5, 8
Полиция обеспечит знаменитую защиту для знаменитого пальца.	6, 7
Что это было? ..	4
-Нам не выбраться живыми из дворца...	6
Руки вверх!	1, 2
Это сработает. Прибор из Гарварда.	8
Почему ты не хочешь его отрезать, Ринго?	2
Все перекладины аккуратно перепилены посередине.	5
-Почему бы тебе не попробовать?	1, 6, 7
-А куда мы едем?	2
-Не твоё дело.	1, 6
Об этом следовало подумать, пока мы не отправились	1
Ему не стоило так напрягаться...	5, 7
А, ноги...	5
Чем только не приходится заниматься в этих жарких странах. Можно было и попроще ловушку придумать.	1, 3
-Восточный человек говорит языком змеи	3
-Можно спросить, как ты догадался?	5, 7
За ними...медленно!	1, 2
-По карте должен быть здесь	1
-Но это не храм	2, 4, 6, 7, 8
Один сзади, но это не тот.	6
Не время для дурацких шуточек!	1, 2
-Готово, он исчез	1
-Я не могу завести машину	6, 7
Заводи!	2
У меня есть план	2, 5
Но на всякий удачный план...	1
Говори!	1, 2
Теперь правительство в моих руках.	2
Они безжалостны...	4
-Оно само свалилось! Стоило мне проявить храбрость.  -Сколько у тебя осталось пальцев?	2
-Это начинает мне нравится	2, 5
Тот, кто носит кольцо...	4, 5
Значит, он был в районе во время первого убийства.	4
Или с чем?	1
Легче не стало.	6, 7
Нет, нет, нет.	1, 4, 6
Нет, я бы такое запомнил.	6
Думаете, это я убил всех этих женщин?	4
Но пока мы во всём не разберёмся, вам лучше остаться дома.	4
Он согласен?	7, 8
Мы сменим тебя через пару часов.	2, 6
Не уверен, что для неё есть предел.	4
Не волнуйтесь, капитан.	2, 8
Спасибо, Ву.	5, 8
Крики... такое не забудешь.	1, 3, 4, 6
Боже, нет.	4, 6
Он внутри!	2, 4
Капитан, прекратите.	6, 8
Пожалуйста, послушайте меня.	4
Мы же веселимся. Не порть веселье!	2
Хотя, возможно, кусочек ухвачу.	4
Он убьёт её.	4
Как я попал сюда?	4
Что вы решили дать мне?	2
Может, и к лучшему, что я вспомню.	4
Это Джульетта.	5
Слава Богу.	5, 7
Я ничего не помню.	7
Работает.	5, 7
Почти.	6
Пытаетесь убить меня, да?	1
– Стреляй в него!	1
А вы же этого не хотите, да?	2, 4
Ты должен убить его, Ник!	1
Скажите, что вы дали ему!	1, 3, 5, 7
Сколько ещё нам ждать?	1, 3
Что, если Джек ещё там?	2, 5
Надеюсь, это больно.	2, 6
Он не приходит в себя.	4, 6
Только не кровь!	4, 7
Думаю, мы вас вылечили.	2, 5
Привет! Поверить не могу, что ты здесь.	5, 7
Где моя мамочка?	2, 4
Ты получишь новую жизнь с семьёй, которая ценит тебя.	2, 5, 7
Ещё один шаг, и я сверну ей шею.	1
Поверить не могу, что ты здесь.	5, 7
Слава Богу, ты здесь.	5, 8
И её.	5, 8
Если один из них проследил за тобой, тут могут быть и другие.	4
Ник, посмотри на меня!	1
Посмотри на меня!	1, 2
Они идут, чтобы убить тебя.	4
Идём!	1, 2
Да, он прав. Надо идти, Ник.	2, 4, 8
Ищейка, которую я убила, был из Феррат.	2, 5
Что ты сделала с убитым?	4, 8
Достань голову.	2, 3
Что думаешь?	5
Ник, сожалею.	6
Очень больно.	8
Но я убил трёх женщин.	3, 6
Вам надо найти этого кого-нибудь.	8
Отличная бита. Ты когда вернулась?	7
Мне надо поговорить с ней.	1
Келли мертва?	4, 6, 7
Одевайся. Закинешь кое-что туда.	2
Она беременна?	7
Надо предупредить Монро и Розали.	4
Она и правда особенная.	5
Иди, обними дедулю.	5, 8
Как долго я ждал, чтобы обнять это дитя.	5
Ты сделала меня таким счастливым.	5, 8
– Ваше Величество.	8
Он должен разделить наше ликование.	2, 8
Обещаю, я решу вопрос с Гриммом.	8
Рекомендую сдержать слово.	1, 2, 6
Он ищет меня.	2
Это ужасно.	1, 3
Надо поговорить.	1
Да, мы уже едем.	2
Капитан, рад вашему возвращению.	5
Кроме того, что они убиты.	4
Кто заявил?	2
Клянусь Богом, если мне для зелья придётся вскрыть ещё один труп...	1
Давай выпьем за что-нибудь.	2, 5
Монро, Розали, это Беда!	2
И я, Бад, я с ней.	5
Можете остановиться у меня, ведь до меня никому дела нет.	6
Надо уходить.	4, 7
Видите ли, я беременна.	7
Знаю, как это больно.	8
Она умерла, пытаясь спасти мою дочь.	6, 7
Должно быть, это тяжело, ваша жизнь так резко изменилась.	6
Наверное, вы любили своего Гримма.	6, 8
Ведьма с вашей силой может стать ценный сотрудником для того, кто уважает их.	8
Мы всегда принимали саму вашу суть, в то время как другие сжигали на кострах.	1, 3, 4, 5, 8
Если королева попытается сделать что-либо...	1
В чём дело.	7
Она бы ни за что не стала приезжать, если бы не думала, что она в опасности. Особенно с ребёнком.	2, 5
Зачем она вообще приехала?	1
Всё, что вы скажете, может и будет использовано против вас в суде.	1
Мне поехать вызволить Кеннета?	7
Собирайся.	5, 8
Я часто слышал, что Гриммы – крутые, но твоя мать – настоящее разочарование.	7
Нет, нет.	4
Что, если он и Ника убьёт?	2, 4
У них ребёнок Адалинды.	4, 6
Что будем делать с телом?	4
Беда?	7
Мне так жалко Ника.	6
Не может быть!	8
Там кто-то есть.	4
Она помогла королевской семье схватить её. Нам понадобится твоя помощь.	8
Я засёк её телефон.	5
Там увидимся.	2
Нет, не в этот раз.	1
Слишком рискованно.	4
Учитывая, кто на территории, она будет здорово охраняться.	2
Возвращайся.	2, 4, 6, 8
Это плохо.	4
Вылезайте из машины.	4
На всякий случай.	4
Не надо так ко мне подкрадываться.	1
Красивый замок?	5
Так поступать не хорошо.	7
Пожалуйста, возьмите её.	4, 6
Вниз.	4
Они сбежали.	6
Все?	7
А я?	2, 6
Езжай домой. Я введу капитана в курс дела.	8
Ник сделал всё возможное, но они ушли.	6
Капитан, там осталось несколько тел.	4, 7
Это же не в нашей юрисдикции, да?	3
Не волнуйся. Я разберусь.	8
Мы поедем на большом корабле, через океан. И отвезём тебя домой.	2, 5
Ты же настоящая принцесса.	5, 8
Тужься! Вот и она.	2, 5, 7, 8
Долой короля!	1, 3
Хотел бы я сказать ему, как ценю всё это.	2
Надо было убить меня, пока у тебя был шанс.	1
Жаль, что я не могу иначе.	1, 6
Прощай, Джульетта.	6
Нет. Нет, Джульетта.	6
Я попал в него. - Он упал.	8
- Что?	2
- Приглядись к ним, когда в следующий раз будешь в суде:	2
- Он возражает, она поддерживает, каждый раз. - Прошлая страсть до сих пор полыхает, да?	7
Но я не хотел бы, чтобы моя дочь или кто-то из Бюро сделал бы из этого далеко идущие выводы.	4, 6
В основном, это было пиво на ужин, смешанное с обезболивающими, которые я до сих пор принимаю после того, как ты подстрелил меня.	1
И если бы ты был мне другом, то сделал бы то же самое.	2, 8
- Я у тебя в долгу.	8
Мы только начали провожать гостей, когда это произошло.	1, 4
- И чему все это было посвящено?	2, 7
Э-э, шесть репортеров получили ранения, два находятся в лазарете, двое, более серьезных, доставлены в госпиталь в Норфолке.	4
Не можем разобрать ее имя на жетоне.	1
- Мы знаем, кого?	7
- Слава богу, вы все в порядке.	5, 7
У нас есть очень хорошее подозрение.	2
- Бомба?	4
Я ничего не признаю.	6, 7
Не вы. Не агент Гиббс.  Я.	6
Я не могу поверить, что я вынужден снова оправдываться за действия преступника.	1, 4, 7
Много рук создавали Сергея.	5
Сейчас, пожалуйста, скажи мне, что я могу сделать.	2
Держитесь подальше от меня.	1
Дорогая, ты просто ребенок.	3, 4
А потом появляется трус с бомбой.	1
Мы собрали все фрагменты гранаты.	4, 8
Немедленно!	2
- Допросы свидетелей?	7
Ладно, давайте двигаться.	2
Что ты пытаешься сказать?	1
Эмили, почему ты все еще пользуешься телефоном твоей мамы?	1
Мне нужно видеть вас прямо сейчас.	2, 4, 5
- Я университетский капитан как первокурсница.	8
Склонность к рассуждениям у меня в значительной степени в крови.	6
Я пытаюсь помочь, но он не слушает меня, а мне приходится переступать через собственное горе.	6
Тогда мы не можем позволить ему снова уйти.	1
- Он использовал гранату?	7
На обед!	5
Прежде чем я услышал о взрыве.	1, 4, 6
- Мы не можем прикрывать его, Гиббс.	1, 6
Я уберу Форнелла с дороги.	4, 8
- Оставишь свою команду?	1, 6, 7
- Может, это я и Форнелл.	7
Я никогда не думал, что доживу до этого дня.	7
Святой Иеремия Джонсон.	7
Да ты издеваешься? !	1
"Я сказал: ""Собирайся""."	2
Какого черта мы тут делаем?	1, 4, 7
Вот что это?	7
Хочешь убить себя... я не возражаю.	1, 6
Валяй.	2
До сих пор ни слова от Гиббса?	2, 4
Ты меня дразнишь?	1
Если только у него не было плана.	2
Может, сейчас мы узнаем.	4
- Ты не сказал нам?	6, 7
И я не хочу, чтобы кто-то приезжал сюда, когда ты скажешь им после того, как повесишь трубку.	3
Для начала, сообщите мне новости.	1
Вы ничего не хотите нам сказать?	1, 2
Ладно. Твоя взяла.	1, 3
Считаешь хорошей идеей сейчас давать мне в руки топор?	1
Теперь посмотрите на него.	1
Из-за потери которого мы, кстати, не переживаем.	2, 8
Отличный экипаж.	5, 8
Не могу поверить, что Кэти погибла.	6, 7
Самая счастливая из военных поваров, которых я знала.	5
Кто мог сделать такое?	1, 2, 7
Как и я.	2, 5, 8
Тот, что вы с Тони прогуляли.	6, 7
Мы не прогуляли. Мы работали.	6, 7
Но в итоге они стали лучшими друзьями.	5, 7
Ты что, моя мать?	1, 4
Я не нуждаюсь в твоей слежке за моей выпивкой.	1
Нет, не делаю. И не нуждаюсь в этом.	1
Хватит. С чего бы это?	1
Или... Или, может быть, тебе мешает значок?	4
Не в таком состоянии.	1
Не строй из себя Фрейда, Гиббс. Это не твоя специальность.	1, 3
Ты знаешь, о чем я спрашиваю.	1
Я сам виню себя. Это из-за меня ее убили.	6
И это о тебе, и это о Диане, и это о выпивке, и это обо всем.	1
И сейчас мне действительно нужно выпить.	2
Ох, мы только начали, директор, и многое нужно проработать.	2
"Нашего ""друга"" Антона."	3
Когда ни один из них не прошел,	1, 2
Это объясняет еще больше.	5
Говори на английском.	1, 3
Мы совершенно одни, я тебя уверяю.	8
Да? Последний раз ты уверял меня, и я потерял хороших людей на Кольском полуострове.	1, 3, 6
Ваша вендетта тянется слишком долго.	6, 7
Почему убеждения внезапно изменились?	2, 7
Скажи мне. Убеди меня.	8
Тяни. Осторожно.	2
Да, я держу.	2, 8
Красота! Посмотрите на это.	5, 7
Хватит на двоих.	8
Исток некоторых проблем прямо здесь.	6, 7
- Нам следует позвонить ему?	2, 7
Столик был не так уж плох.	6
Диана всегда подкладывала спичечный коробок под ножку, чтобы напомнить мне, что я неправильно замерил, но она так и не избавилась от него.	1, 5
Я не знаю об этом.	4
Но для того, как взорвалась эта, требуется какой-то детонатор.	4
Парень из магазина.	3
Сейчас, это очень возможно.	5
Струсить - это естественно.	8
И в порыве гнева я сказал ей, что, то что мы снова вместе, наш возобновленный роман был большой ошибкой.	6
И я сбежал.	1
Вот почему я надеюсь, что не потерял телефон.	4
Послушай, мы можем просто забыть прошлую ночь?	4
Я думаю, что мы можем перешагнуть через разные мелочи.	2, 8
Джетро только что написал мне, предложил встречу, но перезвони мне, как только сможешь, хорошо?	2
Умерла, думая, что все кончено между нами.	4, 6, 8
Это последние слова, которые она от меня слышала.	6
И за это я никогда себя не прощу.	6
Это единственный способ, оставшийся у тебя.	6
Перед тем, как взорвалась бомба, вы не припоминаете, вы видели этого человека?	2, 6
Что это? Мой сын нуждается в отдыхе.	1, 7
У нас... у нас возникли еще вопросы.	4
Не Сергей?	7
- Я знаю.	8
И я признателен, Гиббс.	5
Сергей не друг.	1, 3
Я приехал в эту страну в погоне за Американской мечтой.	4
Я ничего не делал за все эти годы, пока Сергей не появился в моем магазине на прошлой неделе.	4, 8
- Не слишком приятный.	6
Он портативный, большого радиуса действия, очень дорогой.	2, 7, 8
Я знаю тебя ... ты совершил тяжкое убийство... сукин сын.	1, 3
Так я и сказал.	3
Повернуть назад время?	1
Это между ... мной и им и никем другим.	1
Ну, на мой взгляд, это значит, что у тебя есть несколько вариантов.	2, 5
Мишнев все еще мертв.	6
В таком случае, мы вовремя.	5
И я склоняюсь к суши?	7
Все, что тебе нужно, все твое.	5, 8
Я признаю ... я нервничал.	4
Он был очень насторожен сначала, но вы были правы. Когда я ему сказал, что убийство Вами Нелли Бенин подстава, он купился на это - как вы и говорили - заглотнул и крючок, и леску, и грузило.	2, 5
Я была так близко. Просто, случилось кое-что... чего не было 30 лет.	4, 6, 7
Мне надо бежать.	3
Какого...	7
Откуда это здесь?	2, 7
Ну... французского ничего нет, но...	4, 8
Посмотри.	3
Я думал тут будет настоящий бардак.	5, 7
Карсон?	2
Я сказала... Гореть вам в аду!	1
Ты мне нужна.	8
О той, которая из человеческой плоти и написана кровью.	7
Мне понадобится ваша помощь с переводом.	4, 6
Можешь прибрать в трейлере, пока меня не будет?	2
Ах... для тебя что угодно мой маленький сладенький кексик.	5, 8
Мы уже близко.	2, 5
Твое время снова приходит.	2
Осторожно, идиот!	1, 7
Это правило магазина. Сейчас отнеси лампочки на склад и смотри не урони.	8
Нет, ты не можешь уехать, ты самое классное, что тут есть.	6
Чувак, расскажи в чем дело, может я могу помочь.	2
Разве?	7
А, да.	7
Симпатичная, я знаю.	2, 5, 8
Но она приходит. Ладно, пойду попрощаюсь.	6
Что к лучшему, потому что я бы все равно не стал твоим.	5
Она передала тебе все гены какие было нужно.	5
Ты молода, позже поймешь.	2, 5
Я не знаю. Не знаю.	6, 7
Эй Уильямс!	2
Кто здесь?	2
Слезь с меня! Слезь с меня!	1
Малышка Лори тебя ненавидит!	1
Здорово. Это что сейчас было?	1, 3, 7
Силы способные пробуждать порочных существ?	4
Дьявол всегда кроется во тьме.	2, 4
Я тогда думал, что это от мескаля, но после того, что я видел... похоже, он был прав.	7, 8
Я расскажу тебе то, о чем не говорил никому.	2
И теперь, из-за того что я облажался, и прочел что-то из книги, всего один раз, зло меня нашло.	4
Поэтому я уезжаю, прямо сейчас.	2
Увидимся, приятель.	5, 8
Может тебе стоит довести дело до конца.	1
Послушай меня. Кем бы я ни был это было давно.	6
Ты в порядке?	2, 6
Боже.	1, 4, 7
Кто там?	2, 4
Господи, она заходит. Боже мой.	4
Пап? Па...?	2, 4
Черт!	1
Что мы тут забыли?	2, 4
Этот идиот?	1, 3
И я своих красавцев я уже вытаскивал.	5
Что за черт?	7
Бежать некуда.	1, 5
Сделай что-нибудь!	3, 4
Помоги.	4, 8
Оставь нас в покое!	1
Они смогут войти?	4
Тебя стучаться не учили?	1
Сука!	1
Мы ждем...	2
Пабло!	1
Не смей трогать ее ебаная старая пердунша!	1, 3
Jefe, вставай!	2
Надеюсь, геритол ты приняла... 'Время танцев!	2, 5
Каковы шансы найти его. Нет!	7
Взять ее.	1
Беда, беги!	4
Нет, Джульетта. Ник.	6
Слишком много всего происходит.	1, 6
Ты в прядке?	6
Когда ты её видел в последний раз?	6
– Джульетта мертва.	6
Какого черта?	7
– Это Чавес.	1
Ник. Ник, что случилось?	4
Джульетта вчера вечером пыталась меня убить.	4
Беда убила Джульетту?	7
Ты же говорил, что она села в вертолет.	7
Хэнк, она мертва.	6, 8
Я держал её на руках...	4, 6
– Я не знаю.	7
Но это были профессионалы. Они забрали Беду.	8
Они уже должны быть мертвы.	4, 8
- И для чего? - Узнать, Гримм ли она.	7
Возможно, они следили за ней или ждали, когда она появится.	3, 4
Я пойду за ней.	4
Ты понимаешь, что говоришь о преследовании агента ФБР? Она	4
Думаем, что мы нашли Джека Потрошителя.	2
- Сообщение пришло прошлой ночью.	4, 7
Мы столкнулись с интересной проблемой:	2
Хорошая работа.	5
Хэнк, нам нужно поговорить о поступившем звонке в 911.	4
Хорошо, но не сейчас, но тебе нужно это услышать.	1
Как она там оказалась, если она была в вертолёте? Я тоже так считал.	4, 7
Ник убил Джульетту?	4, 7
Джульетты не было в вертолете. Вместо этого, она вернулась к Нику, чтоб убить его?	2, 7
Есть вероятность, что его видели два дня назад в Далласе.	2
Если Ник был одурманен, можно ли ему верить?	2, 4, 6, 7
Что ж, может это и не лучшее время, но только что поступил звонок в 911.	4, 6, 8
Полиция уже в пути.	2, 8
Немного рискованно делать это с агентом ФБР.	1
Если займётесь этим, то не отсюда.	1, 4
Скажите мне где Тереза Рубель? Тереза Рубель.	1, 2
Та девушка, что жила в вашем доме?	2
Вы забрали её из моего дома прошлой ночью!	1
То есть, она была похищена?	7
И тело Джульетты.	3
Вы понимаете, о чём я говорю.	7
Не знаю, что вам нужно, но лучше вам уйти из моего офиса, прежде, чем вас арестуют.	1, 3, 7
Проводите его из здания.	3
Будет сопротивляться, арестуйте.	2
Полагаю, это хорошие новости?	5, 8
А есть плохие?	6, 7
Я видел, как эти парни подъехали прямо перед нами.	1, 4
- Наконец-то.	2, 5
Забудь о ней ненадолго и приедь сюда.	2, 8
Прошлой ночью убили твоих соседей.	6
Ясно, я приеду.	2, 5
Тело подозреваемого, как мы считаем, нашего подражателя Джеку Потрошителю, найдено прошлой ночью.	7
В чем проблема?	2
- Кто убит?	2, 4, 6
- О чём ты говоришь?	7
Может да, а может и нет, но тебя могут арестовать федералы, если ты не остановишься.	1
Мне уже сказали. Мы разберёмся с этим.	1
- Нет, не нужно...	1, 6
Или я отстраню тебя.	1, 2
Как я могу взять передышку, если знаю, что происходит?	6
Что ты делаешь?	7
Ник бы не придумал это, и он бы не стал звонить и говорить это, если бы это не было правдой.	1, 8
Последнее, что нам было известно, что она села в вертолёт.	1, 7
Вертолёт упал.	4, 6
Всё случилось в одном месте...	7
- Ты говорил с Ником?	2
- Джульетта по-настоящему мертва?	4, 6
Я не могу это сделать.	4, 6
Но я не уверен, что вообще что-то имеет смысл.	4
Всё, что мы можем сделать для Ника, это найти всё о Чавес.	6, 8
Он не сможет похоронить её?	7
Это так ужасно.	4, 6
Но Джульетта ведь не виновата.	7
Она ведь не стала Ведьмой, просто потому, что захотела.	3, 6
Но то, что она сделала, было её выбором.	5
И Джульетта пыталась убить его.	4
Мы тоже виноваты в том, что с ней произошло.	6
Я скучаю по старой Джульетте и сейчас, когда это случилось... Это ощущается, ощущается настолько окончательным.	6
У Чавес замечательный послужной список в Бюро.	1
Да. Ну, у нас есть только имя Чавес.	1, 6
Мы играем с огнём.	2, 4
Я понимаю, что ты не ответишь, но не забывай, что я помогал тебе.	4, 8
Мы вместе через много прошли и мне не хотелось бы, чтоб ты что-то делал без меня, когда я тебе нужен.	8
А сейчас уезжай отсюда.	1
- Уезжай!	1
Я больше люблю кленовый сироп, но принёс малинового джема, который любят большинство людей.	2, 5
Вы не можете зацикливаться на том, что могло произойти с Дианой.	6, 7
И... не стоит забывать, вы едите не за себя одну.	5, 8
Я не навязываю.	4
Он хочет... Он начинает...	4
Это нормально. Так всё и должно было быть.	5, 8
Надо искать что-то необычное.	7
- Ты нашёл его? - Ага.	2
Я знаю, что ты Существо. Я	8
Похоже, что она училась там, где они работали.	8
На кого ты работаешь, черт возьми?	1
Ты совершил ошибку, Беркхард.	1, 3, 6
Ты попыталась нанять её.	8
А затем угрожали, чтоб она молчала.	1
Я видел такую же книгу в её комнате.	7
Кто-то забрал её.	1
Ты хотела выяснить, был ли Ник Гриммом.	2
Кому-то стоит начать доверять другим.	1
Нет, нет!	4
Адалинда рожает.	5
Да, да, да, сейчас.	2
Ник. Ник, это происходит.	4
Я думал, что мой напарник чокнулся.	4
- Она в предродовой?	7
Конечно, он зайдёт.	8
И послушать, собственно. Это то, что ты никогда не забудешь.	2
Как бы ни было, ты нужен ребёнку.	4, 8
Может это и неловко, но дитя на первом месте.	8
Ник, послушай.	6
Сколько ещё?	3
Не тужься. - Что случилось?	4
Мы потеряли сердцебиение ребёнка.	6
Ник не отпустит тебя пока ты не скажешь ему, где она.	1
Не отвечай.	4
Мне нужно отправить отпечаток пальца, чтоб они знали, что это я.	2, 8
Да. Я в порядке.	8
Ты ничего не можешь сделать.	6
Я с Розали. Ты на громкой связи.	8
Это твой единственный шанс получить ответы.	1
Ты пойдёшь со мной, один, и мы выезжаем через 20 минут.	2, 8
Ник, я не уверен насчет этого.	2
Идём.	2
И мы ничего не будем делать?	7
Мы пойдём отсюда.	2
Ты хотел знать, с кем я работаю.	2
- Ты узнаешь.	4
Уверена, что они здесь?	2
Они здесь.	2
Они прибывают сюда... в Портленд.	4
Она устала, но с ней все в порядке.	5, 8
Это не давало ему выйти.	6
Я не хочу растить его одна.	6, 7
Пакистанцы отправят кого-то важного на встречу с ЦРУ.	2, 7
Посмотри в подвале.	2
Идиот увеличил громкость, и я не...	1, 3
— Нет.	4
Мы не знаем с чем имеем дело.	4
Где они, чёрт возьми?	1
Наверное, устроили ужин, рисование плакатов, пение хором.	3, 7
Хочешь научить меня, как мне обращаться с собственной дочерью?	1
Я сделала всю домашку.	8
Я остаюсь.	2
Ты должна сказать нам, что понимаешь.	8
Но тогда придётся жить с этим.	3, 6
А запах... он задерживается.	3
Отличное место.	5
Родной порог.	5
Слушай, извини за то, что пришёл без приглашения.	6
Знаешь, я разговариваю с ней иногда, и прошу меня разбудить.	6, 7
Это мило.	5, 8
Я ценю это, агент Биман.	5, 8
Увидимся завтра. Да, увидимся.	2, 5, 8
Ганс предупредил меня.	1, 6
Он в порядке?	4
Она не примет его.	7
Встретимся на обговоренном месте.	2
Да, я знаю, знаю.	3, 6
Что я здесь делаю, Кларк?	7
— Он... он друг.	4
Я не был уверен, что у тебя безопасно.	4
Что мне делать, Кларк?	4
Они бы слушали твой телефон, следили за тобой 24 часа в сутки, они бы не посылали к тебе агента Бимана.	4
Обещаю.	2, 5
— Я опаздываю на встречу.	7
В чём ты меня обвиняешь?	1
Ты поместил жучок?	1, 2
Может, она даже убила моего напарника, Криса Амадора.	1, 3
У тебя проблемы с этим?	1, 2
Как скажешь.	1
Если он не надеется на что-нибудь ещё.	7
Это Роджер, с которым мы ездили в аквапарк?	7
Он правда наш родственник?	7
Она правда больна?	7
Кто она?	7
Не трогай меня.	3
Пейдж...	1, 3, 6
Как вы там?	1
Твоей маме нездоровилось, и ей нужно было время восстановиться, поправиться.	6
Не всё здесь ложь, Пейж.	1, 6, 7
Мама сказала, чтобы я привёз тебе в ту ночь, несмотря на то, что уже было поздно.	2
Я не знаю.	2
Офицер пришёл за Абассином Задраном.	2
Это было надеждой.	5
Как думаешь, почему не было боёв в Хаджи Сатаре или Рахиме?	2
Все мы хотим мирно жить на земле наших отцов.	4
Они хотят сражаться и умереть, как мученики.	3, 6
Его тело и одежда пропитаны кровью?	4
Я резал глотки коммунистам.	2
Ну, я не удивлюсь, если Филип окажется прав.	2, 6
Или ты не слышал этого?	2
Я просто не уверен, что это правильно.	4
Нет, для Филипа с Элизабет.	6, 7
Хорошо, у нас есть ромашковый, с бергамотом...	7
Честно...	6
Все были в трауре.	6
И всё же при всём этом... они снова хотят попробовать?	4
Они думают, что ты справишься.	8
Я еду повидаться с мамой, пока она не умерла... в Россию.	2, 4, 5
Все на работе знают, что я вру.	4, 6
Нет, нет, они не знают.	1, 7
Я знаю это.	8
Я работаю над этим, и я выясню.	4
Марта, я люблю тебя.	4
Я на всё готов ради женщины, которую люблю.	5, 8
Все твои россказни о том, как Луис добился повышения, неправда.	1, 3
Может изменить всю вашу жизнь.	2
Я понимаю.	6
Процедура может занять пару дней, но да, вопрос решён.	2
Даю слово.	8
И еще один раз.	1, 3
И как это понимать?	1, 3
Харви, я не дура и не люблю, когда меня за неё принимают.	1
Я сказала, что не нарушала закон, и это правда.	8
Не дура?	7
Я же сказала, что он не знал о моих планах.	1
Мне плевать, потому что он знал о результате.	1, 3, 6
Я так тобой горжусь.	5, 8
Усталость.	6
Это не имеет значения.	1
Да, знал, но какая разница?	5
Мы выиграли. Не выиграли, потому что у Эван Смит есть видео, как Донны заходит к ним в архив.	1
У них есть видео того, как секретарь оппонента пробирается к ним в архив.	1
И ты так просто позволишь этой женщине тебя шантажировать?	1, 3
А мне что, нет?	1, 3
Что ты здесь делаешь?	7
Луис, у тебя разве нет своего секретаря?	7
Которая наверняка снова взяла выходной?	7
Почему бы тебе от нее не отстать?	1
Да что с тобой такое?	1, 3
Это подтверждает видеозапись, и они грозятся предъявить обвинение.	4
Я хочу сказать, что вы донесли свою мысль. И что же это за мысль?	6, 8
Это неравноценная сделка.	7
Безосновательный? Ваш клиент пустил в рейс неисправный состав, погибли люди, и компания знала, что это может случиться.	3
И в моём понимании мы заключим сделку, чтобы я перестал копаться в этом.	1, 2
Возможно, стоило подумать об этом перед тем, как отправлять её в архив.	1, 3
Эван, мне дорога эта женщина.	5
Может, вы иногда спите друг с другом.	7
Нам придётся отказаться от дела.	6
О чем, черт побери, ты говоришь? Мы же вчера обо всём договорились.	1, 7
Это почему же?	1
Те деньги должны были изменить мою жизнь.	1, 2, 6
Ты дал мне слово.	2, 4
Да, и я хотел бы его сдержать.	7
– Опять эта чушь.	1, 3
В смысле, ты не знала, вернусь ли я на работу.	1
Похоже, ты пришла по какому-то поводу.	4
Я не откажусь от партнёрства на следующий день после случившегося, если ты об этом.	2
Но если ты спрашиваешь, как я хочу поступить, я говорю тебе, что ещё не решил.	1
Он еще не появлялся. Скажи ему ничего не отправлять.	1
Потому что ничего не вышло.	1
Что не вышло?	2
И что мы теперь будем делать?	2
Харви, вряд ли окружной прокурор сам займётся этим делом только потому, что я работаю на тебя.	1
Он думает, что я его продал.	1, 3
Слушай, в данный момент Харви из кожи лезет ради моего спасения.	1
Я всё думал, когда же ты придёшь.	1, 2, 3
Похоже, тебя совсем не волнуют обвинения против твоей секретарши.	7
Знаешь, что я думаю? Будь это так, ты бы сюда не пришёл.	1, 6
В последний свой приход ты сказал мне, что не совершал преступлений, чтобы выиграть дело.	1
Я делаю это не потому, что она работает на тебя. Я расследую уголовное преступление.	6
Женщина, впустившая её, клянётся, что твоя секретарша выдала себя за работницу Нац.управления транспортной безопасностью.	7
Немедленно скажи правду.	4
Я задал тебе прямой вопрос, а ты солгала мне.	1, 3, 6
- Донна...	6
Я знаю, но теперь мне будет в тысячу раз сложнее отмазаться.	4, 6
Донна, ты лучше других должна понимать, что для меня это одно и то же.	3
Удачи, но делай это без меня.	1
Джо, я не могу послать повестку, не имя клиента.	1
У меня нет ни оснований, ни права, чтобы действовать.	4, 6
Не они заставили меня замолчать, а ты.	1
Джо, послушайте.	2
Катись к черту.	1
С тех самых, как ты в углу.	1
Обычно ты сидишь за лучшим столиком. Не сегодня.	7
Да, не важна, потому что сейчас я должна решить, стоит ли оставить его в фирме.	6
Тогда я бы сказала, что причина расставания важна.	8
Ты постоянно говоришь, что не похожа на него, но вот она ты, готовишься к новой операции вместо того, чтобы бороться за любимого мужчину. Знаешь что?	3
А как это отличается от всех тех раз, когда ты рисковал мной?	1
Как я уже сказал, у меня есть проблема посерьёзнее.	6
Насколько я осведомлен, у них есть все.	1, 2, 4
"Какой ущерб Донна нанесла ""Либерти Рейл""?"	4
Я хочу, чтобы ты продолжал гражданское дело.	8
Харви, судебный процесс сдох. У нас нет истца.	1, 4, 6
Я хочу спасти мистера Вулфа от позора в зале суда.	2
А без реального ущерба...	5
Тогда вы знаете, что у вас хреновый свидетель.	1, 3
Привет. Как дела?	2
О, перестань. Меня бы отправили на уютный курортик для белых воротничков.	6
Я бы наконец стала сертифицированный йогом...	1, 6
Черт подери.	1, 4
Проблема в том, что они подписали соглашение.	4
Майк, я просто пытаюсь помочь .	2, 4, 6, 8
Я просто расстроен.	3, 6
Но тогда у меня не было бы возможности поблагодарить тебя.	2
Не за что.	8
В чем? Сукин ты сын.  Собираешься обвинить её в умысле?	1
Ты сказал, что в истории прокуратуры такого еще не делалось.	2
Она хотела найти там алмаз Хоупа. Но нашла лишь стекляшку, только это не значит, что преступления не было.	4, 6
Что ж, посмотрим... когда ей будет грозить срок, и я предложу ей сделку.	2
Тебе придется, потому что ты должен был вытащить ее из этого дерьма.	6
Она виновна.	1
Харви даже не знал, что я сделала это. Знаете что?	7
– Исключено. Он пытается использовать ее против тебя.	1, 3
Если ты выйдешь из игры, Вулф тоже отступит.	1, 3
Будет лучше, если мы больше никогда не увидимся.	1
Всего хорошего, Ронни.	2
ЭрДжей и Перо могу переехать туда, и он станет мэром Долбограда. Хватит.	1, 3
Может, это случится через пару месяцев, или год...	2
Милый...	5
Что произошло?	6, 7
Она сказала, что не в настроении заводить серьёзные отношения из-за того, что сейчас творится в мире.	6
Теперь она собирается в Гренландию, чтобы измерять скорость таяния льда. Сама.	4
Пусть это будет кто угодно.	4
О, это ты.	4
Вы только посмотрите - даже печатка не сломана.	2, 7
Ты в курсе, что в воде нет алкоголя?	2, 3, 8
Ага.	5, 8
Этого не будет.	1, 3
Разумеется.	2, 4, 5
Конгресс ничем не отличается от всей страны.	1, 3
Если вы станете президентом, Клэр Андервуд сохранит должность вице-президента?	7, 8
Но если не удастся, мы теряем Род-Айленд.	8
Вы думаете, это русские?	7
Какой сюрприз.	1, 3
Кэти, что в последнем сообщении, которое мы получили?	4
Мы считаем, что захват в Антарктике - это прямой результат неопределённости, вызванной нашей президентской ситуацией.	1, 3
Вы же не имели в виду, что кокус не должен вмешиваться в международные отношения?	1, 3
Наверное, я просто ослышался.	4
Спасибо, Рэнди.	5, 8
Могу сказать лишь одно:	8
Этим вы перечёркиваете десятилетия успешной работы по разоружению.	1, 2
Холодная война закончилась, госпожа временный президент.	2, 5
И вы, очевидно, думаете, что мы растеряны. Не попадите впросак.	1, 3
Если вы хотите получить какое-либо новое назначение, мы можем это устроить.	2, 5
Дурацкая награда?	6, 7
Я пользовался твоей бесхребетностью 20 лет.	3
В тебе никогда не было ни грамма храбрости.	1, 3
Мисс Харви всё ещё здесь.	2
Да, пусть зайдёт.	1, 7
Я только что из Рейберна.	2
Если брать все штаты, то не очень.	4
Я умею слушать, если вы об этом.	1
Я пытаюсь очистить партию, нашу партию, и порой говорю необдуманные вещи.	6
Не сомневаюсь.	2
Только, если я этого заслуживаю.	2, 6
Конгрессмен Льюис как всегда опаздывает.	1
-Ты узнаешь.	2
Народ не спокоен.	4
Все верят ФБР.	8
Не знаю.	6
С заявлением всё в порядке?	5, 7, 8
Мы можем не успеть к понедельнику.	6
Они обязательно тебя выберут. Я уверена.	2, 3, 5
Ну ладно. Назначай встречу.  Я всех выслушаю.	2
Ладно. Будем на связи.	2, 5
Нужно переговорить с Чёрным кокусом. Завтра.	2, 4
Но они у Андервуда в кармане.	3
Мы на это шли, Ханна.	3, 6
Хочешь отдохнуть, пожалуйста.	5, 8
Почему ты не радуешься?	6
Ему не победить в Конгрессе.	8
Я говорю не о нём.	1
Я говорю о тебе.	1
Какое имеет значение, радуюсь я или нет?	3
Разве ты не этого хотела?	7
Ты - самая главная.	1, 8
Свяжитесь с послом Каспи и скажите, что я на 15 минут задержусь.	2, 7
Честно говоря, в понедельник их уже может не быть.	2, 4, 6, 8
-Я тоже. Чёрное сообщество заслуживает больше, чем провальная политика Андервуда.	1, 4, 8
Согласен. Не терпится услышать о вашей платформе.	2
Мне сказали в 9. -Прошёл уже час.	1
Благодарю вас за терпение.	7, 8
Что ещё?	2
Я подумал, может она к чему-нибудь приведёт.	2
Она пересказывает газетные статьи, чтобы привлечь внимание и подзаработать.	2
Поройся ещё в деле Калаби.	2
Здание буквально преобразилось из-за его инвалидности, но люди просто его уважали. -Уважали его...	4
Нас интересует не только этот вопрос.	8
Но я пришёл сюда вести диалог.	2, 3, 8
Мы ожидали, что вы придёте с планом.	1
И он у меня есть.	8
Что ж, я вас услышала.	3
-Уилл.	7
Вы можете со мной не соглашаться.	8
-Мы успеем?	7
Ваши ставленники могут легко потерять должности.	1
Вот так хорошо.	7
-Так лучше?	1, 2, 3
Давай не будем об этом.	4
Как всё прошло?	2
Если вы ещё хоть раз себе такое позволите, я сделаю так, что больше ни одни выборы вы не выиграете.	3
Привет.	2, 5, 8
Здравствуйте.	2
Вы знаете, в каких ситуациях я бывал? Попадал под обстрел и всё такое.	1, 6, 8
Думаете, я не справлюсь с двухмоторником, который летит по прямой на высоте 10,5 км над сельской местностью?	6
Вы знаете, что я скоро стану президентом?	1
Я надеюсь, сэр.	1, 2, 5
-Что тебе? -Я просто...	4, 8
Хорошо. Просто успокойся, ладно?	1, 4
Может, тебе заткнуться к чертям?	1
Я тебя уволю. Брошу на долбаной взлётной полосе.	1, 3
Ну ладно.	5
-Не спрашивай.	2
Ну, не знаю. Мы просто стали друзьями.  А потом это переросло в нечто большее.	5, 8
Мы начали проводить вместе каждый вечер.	2
Однажды она рассказала мне про парня, который её навещал.	1, 3, 4
Всё в порядке?	5
Да. Простите.	1
Как дела?	2
Как долго, по-вашему, в мире будут верить, что это не ваши солдаты?	3
Это как бежать куда-то за покупками и вдруг влюбиться с первого взгляда в кого-то, кто тоже спешит за покупками.	7
Сразу испытываешь такую радость, что твой любимый человек живёт в одном мире с тобой.	2, 5, 8
Спасибо, что приехали.	5, 8
И у вас твёрдая рука.	8
Мы это поправим.	2
Вы станете вице-президентом, но ваша роль, де факто, будет больше.	8
Что ты там делал?	8
Какого чёрта ты вообще к нему с этим полез?	1
Какая зацепка? Она наркоша.	1, 3
Ты уволен, Джеффрис.	6
Убирайся из кабинета.	1
Тебе нужен Брокхарт, его поддержка.	8
Пока Андервуд у власти, она может нам сильно навредить.	6
Поэтому я ей сейчас позвоню, и ты перед ней извинишься.	1
Выглядишь ужасно.	6
Я больше не могу скрывать это от президента.	4, 6
У меня есть что-то.	2
Вот и госпожа госсекретарь.	2
Просто не могу себя заставить их выкинуть.	3, 6
Серьёзно?	2, 7
Мне нравится Марк, потому что я знаю, на чём он стоит.	5
А что будет во вторник?	7
За нами всегда последнее слово, последний удар, последний шаг.	2
Мы пойдём на сделку.	8
У нас есть несколько кандидатур.	4, 7
Я могу устроить им каникулы.	2
Марк Ашер не дружит ни с кем.	1, 3, 7
ты только исполняешь роль.	1
Мы идеально синхронны, Клэр.	5, 8
Да здравствуют братья, много братьев!	5
Да здравствует братство!	5
На этой поляне собрались самые влиятельные люди в мире.	2, 5
Потому что я смог перенести общенациональные выборы в один штат.	2
Итак, добро пожаловать на поля Элизиума.	5
Лиэнн в Цинциннати, пытается заключить сделку насчёт дебатов.	8
Торговое соглашение с Китаем должно очень порадовать избирателей в Огайо.	2
И вам, мэм.	8
Надеюсь, вы знаете.	5
Можно просто Клэр, хорошо?	7
Большое спасибо, что нам помогаете.	5, 8
Я за администрацию Андервудов.	2, 8
Не стоит.	1, 6
Не нужно меня оберегать.	8
Даже, если они где-то потерялись...	4
Ярый сторонник моего оппонента.	1, 3, 8
Почему вы не пригласили Конуэя?	7
Генерал - предатель, вы же знаете.	3
Не в полной мере.	6
Наотрез...	6
Как это будет выглядеть дома?	4
Чтобы смотрели, как лунный свет пробивается сквозь деревья.	5
Этому вы учили генерала?	7
Люди с деньгами любят погоны...	1, 3
Они вас ждут.	2, 8
Вы рано встали, господин президент.	7
Доброе утро, господин президент.	2, 8
Так вы будете яйца или нет?	1
Я уверена, что такие тарифы смягчат последствия антидемпинговых мер.	8
Откуда вы знаете?	1, 8
Почему китайцам так важно знать, что находится на российском судне?	2, 4
На борту американец.	1, 7
Он не может быть вашим другом.	6, 7
У Таска нет друзей.	6
Кто из них этому следует?	6
Как вы думаете, о чём они говорят?	2
Ваше лицо. И оно мне говорит, как вы не хотите быть здесь.	4
Мистер Таск был основным донором кампании Уилла.	5, 8
Мы партнёры по одному проекту.	8
Надеюсь, вы придёте.	2
Я более чем уверена, что китайцы врут: на борту нет американца.	1
И тебя будут помнить не за твои победы, а за то, что ты ни разу не проиграл.	5, 8
Даг, ты меня слышишь?	4
Президентский указ...	1
Ничего не делай, пока я тебе не скажу.	1, 2
Я не согласен. Я это знаю.	6, 7
"Он каждый вечер говорил моим родителям ""спокойной ночи""."	5, 8
Это произойдёт неизбежно со всеми нами.	6
Даже сейчас, в эти выходные дни мы здесь с вами в этом лагере торгуем собой.	1
-Согласна.	8
Но операцию нужно провести немедленно.	4
Мне кажется, вы лично в этом заинтересованы.	2, 7
Скрестите пальцы.	2
Вы превзошли все ожидания. То, как вы держались всё это время.  Но...	4, 8
Я уезжаю.	6
Помните нашу первую встречу?	2, 4, 5, 8
Знаете, почему я вас тогда не нанял?	2, 8
Мы зашли в тупик.	1
Я готов продолжать диалог, но в настоящее время...	2, 5
Госпожа президент. Погибнут люди.	4
Я не могу согласиться на ваши условия, пока не получу разрешение от госсоветника по внешним делам.	4
Судно затонет через двадцать, от силы тридцать два часа.	2, 8
Сотрудничество с президентом Петровым - это большая ошибка.	1, 3
Я жду.	1
Пусть тонет.	6
Мы поступаем правильно, Кэти.	5, 8
Судна больше нет.	6
Ненавижу это место.	1, 3, 4
Этих людей.	3
Этот снобизм, эту самонадеянность...	6, 7
Сделка с Таском была ошибкой.	3, 6
Сэр!	8
Не знал, что тебя это интересует.	1, 3
Вообще-то она спасла мне жизнь.	8
А теперь потеряли.	1, 5, 6
Вы что-то не договариваете.	2
Он и был технологией.	7, 8
Я перекручу.	8
Губернатор неуравновешен.	6
Да, но воспользовавшись этим, мы победим.	1, 2, 8
Пошли их.	1
Когда он говорит... Я знаю, что он говорил.	2
Мне было очень плохо.	6
Я ничего не мог делать.	6
То есть... бессмысленно.	1, 3, 4
Ты с ней спал? Да...	2, 5, 7
Она хороший человек.	5, 8
Вот я и пытаюсь ей помочь.	2
Я люблю тебя.	5, 8
Кажется, я тоже тебя люблю.	5, 8
непорядочно бить лежачего.	4
Но вы победите.	2
Звучит хуже, чем было на самом деле.	3, 7
Сначала они отрицали, потом стали изворачиваться.	3
Или хотя бы сделать заявление.	1, 7
Вот чего мне никак не понять.	3
Вы не обязаны это говорить, губернатор.	6
Думаю, обязан.	5, 8
Что мне теперь делать?	2
Признать своё поражение всегда непросто.	6
Путь сюда занял много времени. Но мы здесь.	2, 5
Твоё здоровье, Фрэнсис!	5
Теперь всё будет проще.	5
Это решающий момент. Для вас обоих.	2
Работал и на вас.	4, 6
Поздравляю, господин президент. Спасибо, Кэтрин.	2, 5
Я благодарю вас за преданность.	5, 8
Я на минутку.	3
Именно поэтому надо нанести удар!	2
Нас ждут великие дела, всех троих.	2, 5
Я признателен вам, сэр.	5
Я верю, что ты будешь благоразумен.	2, 8
Мой знакомый украл секретные документы АНБ и сбежал в Россию.	6
А обвиняют в этом меня.	6
И будет хорошо.	5
Всем ясно, что мы там из-за нефти.	1, 3
Кто сейчас в зоне вашего внимания?	2, 3
Петров.	8
Судя по его книгам, он много повидал.	7
Вашу программу?	1, 3, 7
Стоит мне пойти на праздник, происходит что-нибудь ужасное.	4
Извини.	6
Очень сомневаюсь, что у меня сегодня будет время.	6
Присядь на минутку.	2
Это интересно.	2
Мне нравится.	5
А что ещё вы скажете?	8
но мне никуда больше неохота.	5, 8
Ты говоришь это так... механически.	1, 3, 6
У тебя, человека, который сидит напротив.	2, 5, 8
Не очень усердно.	7
Давай.	2, 5
С написанием речей.	3
Я знаю, что умею писать речи, но больше не хочу этим заниматься.	3
Точно?	2, 7, 8
Издеваешься?	7
Ходят слухи, что он...	4
Этого недостаточно?	1, 3
-Хорошо. -Это всё.	2, 5
Мисс Болдуин - очень хороший журналист.	8
Огласка не поможет ни вам, ни мне.	2, 4
Расскажите ей, как вы манипулировали американскими настроениями.	3
Как растаскивали выборы.	1, 3
Верните мой паспорт.	1
Вы прославитесь.	2
Уомак должен предоставить... Ты оставил пятнадцать тысяч в ресторане?  !	6, 7
Чем ты, на хрен, питаешься! ?	3
Почему ты это не показал, Терри?	1
За ним будущее.	5, 8
Всё меняется, потому что люди наверху забывают, как они туда попали.	1, 3
Президент хочет быть вашим другом, а вы всё усложняете.	1, 2, 3
Опять вы за своё?	1
Я хочу быть там, когда Фрэнсис Андервуд скажет о росте вложений в медицину.	2, 8
Мистер Стэмпер, я ценю всё, что вы делаете для него, но мы оба знаем, что мой блок растёт.	3
Он может доставить этой администрации немало проблем.	1, 3, 6
Согласен.	5
В правительстве есть люди, чьё время уже вышло.	3, 6, 7
Спасибо, Марк.	5
Что буду честно выполнять...	8
Ты в смятении?	1
И да поможет мне Бог.	4
И за первые сто дней своего правления я добьюсь этого от своей администрации и правительства.	2
Никаких уступок нелояльным.	1
И славит дыхание имя твоё,	2
Люблю патриотические песни.	2
Это неприемлемо!	1, 3
Вы же не хотите навредить мистеру Макэллану?	1, 2, 4
Люди хотят работать с вами.	8
Самоуверенно.	8
Позволь тебе помочь.	6, 7
Не понимаю, почему меня соединили с вами.	1, 6
Я весь день пытался ему дозвониться.	1
Слушайте, он здесь больше не работает, так что...	3
Люди Кейт Болдуин были готовы, но ФСБ сменило всю группу.	1
Кейт Болдуин не должна была с ним говорить.	1, 3, 6
Давно вы друг друга знаете?	2, 7, 8
Проклятье!	1
Уверена, она найдётся.	8
Я только что говорила с Джейн Дэвис.	5
Мы будем ей обязаны.	2
Мужчину, который ждёт поезда.	3
"Сын Джеральда Форда удирал по этой лестнице на крышу, чтобы поставить друзьям ""Лед Зеппелин""."	8
Непростой, видно, парень.	3
Простите.	3, 6
Ты в курсе, что самая уязвимая часть тела это глотка?	4
Мои поздравления, господин президент.	5
Как она?	2, 8
Она просила передать, что она в порядке.	5, 8
Да...	4
Дайте мне минутку перед началом?	8
Хорошо. Конечно.	7
Нет, всего одну секунду, ладно?	6
Когда будешь в России, я смогу тебя защитить.	8
Пострадают люди.	4, 6
Не нужно было уезжать.	1, 3, 6
Мне так жаль.	6
Мы можем кое-что обсудить?	6
Прошу вас, остановитесь.	3, 4, 6
Перестаньте мне звонить.	1, 3, 4, 6
Когда всё это начиналось, я не думал, что буду стоять здесь рядом с вами.	5, 7
Мне вас подождать? Нет, нет.	7
Увидимся на вечеринке.	2
Увидимся внутри, выпейте.	2
Да брось, окажи мне честь.	1
Даг, отлично выглядишь.	5, 7
Какое-то время нет, мэм.	1, 3
Но не ты.	7
Я думала, ты заблудился.	4
Пойдем прощаться с гостями?	8
Смотри, что я нашла.	5
В этом доме ничто не уходит безвозвратно.	1
Вас ждёт машина.	5
И какого чёрта мне теперь делать с этой девицей?	1, 4, 7
Прямо в конференц-зале?	1, 2, 3, 7
Это ведь непрофессионально с её стороны.	1, 3
Она хорошо работает.	8
В пресс-релизе сказано, что ты обдумываешь свою карьеру.	2, 5
Значит, встретятся.	2, 5
Как я сказал, они тебе позвонят.	1
Я была так близка.	1
Просто случилось то... чего не случалось 30 лет.	4, 6, 7
Я должен бежать. Правда?	3
О да... Да!  Тебе нравится?	1, 5
Что за...	7
Ну... французского не будет, но...	4, 8
Я ожидал бойню.	5, 7
Мне нужно, чтобы вы подняли руки.	1, 6, 8
Я сказала... Горите в аду!	1
Ты нужна мне.	8
Такая, в переплете из человеческой кожи, написанная кровью.	7
В общем, мне нужна помощь в переводе.	4, 6
Так вот, ты не могла бы убраться в моем трейлере пока меня не будет?	2
Для тебя все, что угодно, сладенький мой пирожочек.	5, 8
Мы рядом.	2, 5
Твой час вновь приходит.	2
Осторожнее, придурок!	1, 7
А теперь отнеси эти лампочки на склад, да смотри не разбей.	8
Нет, ты не можешь уйти, ты же самое классное, что вообще есть в этой дыре.	6
Чувак, скажи мне в чем дело, возможно, я смогу помочь.	2
Разве? Ну да, да.	7
Я оттуда.	7
Она очень привлекательная, знаю.	2, 5, 8
Что-ж, пойду хорошенько попрощаюсь.	6
Что и к лучшему, ведь ты и так никогда не смогла бы меня заполучить.	5
Она передала тебе свои гены в правильных местах.	5
Ты еще молода, сама все поймешь.	2, 5
Я не знаю. Я не знаю.	6, 7
Эй, Уильямс!	2
Малышка Лори ненавидит тебя!	1
Здарова. Что это за хрень была?	1, 3, 7
В силы природы, способные порождать различную нечисть?	4
Зло всегда поджидает в тени.	2, 4
Я всегда думал, что это он из-за мескалина. но после увиденного, мне кажется, он был прав.	7, 8
Я расскажу тебе кое-что, что никому раньше не говорил.	2
И теперь, из-за того, что я облажался, прочитал из книги один паршивый отрывок, зло нашло меня.	4
Поэтому я сматываюсь, сейчас же.	2
Встретимся на обратном пути, приятель.	5, 8
Может тебе просто предоставился шанс закончить то, что ты начал.	1
Послушай сюда. Что бы я там не начал, это было очень давно.	6
– Я...	2
Господи, она заходит внутрь. О, боже.	4
– Папа? Па...?	2, 4
Дерьмо!	1
Я вообще-то памперсы таскаю, вот.	5
Убегать некуда.	1, 5
Прошу, сделать что-нибудь!	3, 4
Помоги мне.	4, 8
Оставьте нас, черт возьми, в покое!	1
Мама не учила тебя стучать?	1
Пошла прочь от нее, блядская старая сука!	1, 3
Хефе, поднимайся!	2
Надеюсь, ты приняла свое лекарсто? Пора сплясать!	2, 5
Как ощущения? Круто.	5
Но каждый год в память о нём я теперь упиваюсь до полусмерти.	3
Я почти кончила.	1
- Я это, тут случилось кой-чего, чего я уже тридцать лет не видел.	4, 6, 7
Ну я пошёл. - Серьезно?  !	3
Это тут откуда?	2, 7
- Ну... Не по-французски, но...	4, 8
Ничё такая херня?	3
Я думал, тут будет побоище.	5, 7
- Карсон?	2
Поднимите, пожалуйста, руки.	1, 6, 8
- Я сказала.... Гори в аду!	1
Мне нужно...	8
В переплете из человечины...	7
Мне бы перевести оттуда кой-чего...	4, 6
- Ты у меня в трейлере не приберешь малость?	2
- Для тебя - что угодно, касатик.	5, 8
- Мы уже близко.	2, 5
Твое время пришло.	2
- Куда прешь, кретин!	1, 7
А теперь неси лампочки - и не побей их.	8
Нет. Ты же самое клёвое, что тут вообще есть.	6
- Чувак. Говори, в чем дело, я тебе помогу.	2
- Правда?	7
Ну да. Я... был оттуда.	7
- Красивая, знаю-знаю.	2, 5, 8
- Что ж, пойду попрощаюсь.	6
Но ничего, ты мне все равно не пара.	5
Ты унаследовала её гены во всех правильных местах.	5
Но ничего, ты молода, еще поймешь.	2, 5
Не знаю. Не знаю.	6, 7
- Да, я...	4, 6, 7
- Эй, Джулиан!	2
Отцепись! Брысь!	1
- Лори тебя ненавидит!	1
- Привет. - Это что за херня?  !	1, 3, 7
В силу природы, способную создать ад на земле?	4
В тени всегда прячется дьявол.	2, 4
Я думал, мескалин надо меньше жрать, но после этого, выходит дядя шаман был прав.	7, 8
- Я никому это не рассказывал.	2
Теперь я всего-то разок из книжки кой-чего прочитал - и Зло меня нашло.	4
Так что я сейчас же сваливаю.	2
До встречи на дороге, дружище.	5, 8
- Слушай, ты. Кем бы я ни был - это было давно.	6
- Пап? - Ладно...  - Что случилось?	2
Она идет сюда! Боже!	4
- Папа?	2, 4
- Твою мать!	1
Я, вообще-то, просто манатки тут собираю.	5
- Что за на хер?	7
- Помоги...	4, 8
Валите на хер!	1
- Они же прорвутся?	4
Стучаться мама не научила?	1
- Мымра!	1
- Пабло!	1
- Нет! Не трожь ее, сучара позорная!	1, 3
- Эль хефе, очнись!	2
Витаминчики свои не забыла? Тогда за дело!	2, 5
- И как оно? - Чума!	5
Каковы наши шансы найти такого? Нет!	7
Взять её.	1
О боже.	7
Нет, Джульетта.	6
Когда вы в последний раз её видели?	6
– Что? Они забрали её тело.	4
Какого чёрта?	7
– Ник. – Это Чавез.	1
Ник. Ник, что произошло?	4
Прошлой ночью Джульетта была здесь, пыталась меня убить.	4
Мне казалось, ты сказал, что она села в вертолёт.	7
Я держал её на руках.	4, 6
– Не знаю.	7
Это были профессионалы.	8
Будь это они, я был бы мертв.	4, 8
– Что? – Хотела проверить, Гримм ли она.	7
Наверное, они за ней следили или ждали, пока она покажется.	3, 4
Пойду за ней.	4
Ты же понимаешь, что говоришь о преследовании агента ФБР?	4
– Когда? – Звонок поступил прошлой ночью.	4, 7
Но у нас тут интересная проблемка:	2
Хэнк, нам нужно поговорить о звонке, который только что поступил.	4
Не сейчас, ты должен это услышать.	1
Как она могла там быть, если она села в вертолёт?	4, 7
Джульетта не села на тот вертолёт с Семьёй. Вместо этого она вернулась в дом Ника и пыталась его убить?	2, 7
– Чтобы скрыть.	7
Есть вероятность того, что его видели два дня назад в Деллсе.	2
Ника вырубили, и ты веришь его словам?	2, 4, 6, 7
Ладно, сейчас, наверное, не самое лучшее время, но нам только что поступил звонок.	4, 6, 8
Полиция в пути.	2, 8
Опасно разведывать информацию про агента ФБР.	1
Если займётесь этим, пожалуйста, не здесь.	1, 4
Мне нужно, чтобы вы сказали, где сейчас Тереза Рубел. Тереза Рубел.	1, 2
Это та молодая леди, которая жила у вас?	2
Вы забрали её из моего дома этой ночью!	1
Хотите сказать, её похитили?	7
Забрали тело Джульетты.	3
– Простите?	7
Не знаю, чего вы добиваетесь, но лучше бы вам убраться из моего кабинета, иначе вас арестуют.	1, 3, 7
Выведите его из здания.	3
Будет сопротивляться – арестуйте.	2
Ну, это ведь хорошие новости.	5, 8
Я видел, как они направлялись к дому Ника, прямо перед там, как мы ушли.	1, 4
– Наконец-то.	2, 5
Так, забудь о ней на секунду и приезжай.	2, 8
Трое твоих соседей были убиты вчера.	6
Ладно, я подъезжаю.	2, 5
Тело подозреваемого, подражателя Джеку Потрошителю, было найдено прошлой ночью.	7
В чём дело?	2
– Кто был убит?	2, 4, 6
Может да, а может нет, но федералы могут арестовать тебя, если ты не прекратишь это немедленно.	1
– Стоп. Я в курсе.  Мы разберёмся с этим.	1
– Нет, не нужно...	1, 6
А если откажется – тогда отстраню.	1, 2
Как я могу брать отгул, когда знаю, что происходит?	6
Ты что делаешь?	7
Ник не стал бы такое выдумывать, и уж точно не стал бы сообщать нам, не будь это правдой.	1, 8
Последнее, что мы о ней знаем – она села в вертолёт.	1, 7
Вертолёт потерпел катастрофу.	4, 6
Они что, случайно собрались в одном месте...	7
– Ты говорил с Ником?	2
– Джульетта и правда умерла?	4, 6
Я так не могу.	4, 6
Хотя сейчас вообще ничего не имеет смысла.	4
Меньшее, что мы можем сделать ради Ника – найти информацию по Чавез.	6, 8
Они забрали тело Джульетты? Он даже не может её похоронить?	7
Какой ужас.	4, 6
Это не вина Джульетты.	7
Она стала ведьмой не по собственной воле.	3, 6
Ну, она даже не стала сопротивляться, когда это произошло.	5
Мы все частично виноваты в том, что с ней случилось.	6
Просто... я скучала по прежней Джульетте, и теперь, когда всё это произошло... Ничего уже не исправить.	6
– Что? В бюро у Чавез идеальная репутация.	1
Да. Чавез – единственное известное имя.	1, 6
Понимаю, что ты не обязан отвечать мне, это я помог тебе попасть в этот мир.	4, 8
Мы многое пережили вместе, и я не хочу, чтобы ты занимался чем-то, без меня, когда тебе нужна помощь.	8
А теперь, уходи отсюда!	1
– Убирайся!	1
У меня закончился кленовый сироп, но есть запасы малинового варенья. А его предпочитает большинство людей.	2, 5
Нельзя опускать руки из-за своих надежд в отношении Дианы.	6, 7
И не забывай, тебе надо есть за двоих.	5, 8
Я не хотел давить на тебя.	4
Он начинает... Начинает...	4
Это обычное дело. Она и должна была там учиться.	5, 8
Нам нужно что-то выбивающееся.	7
– Нашёл его?	2
Я знаю, что ты – Существо.	8
Она обучалась в тех школах, куда их направляли.	8
Задняя дверь!	7
На кого ты работаешь?	1
Ты совершил большую ошибку, Бёркхард.	1, 3, 6
Ты уже пыталась завербовать её.	8
Ты угрожала, чтобы она не смела рассказывать мне.	1
Кто-то передвинул её.	1
Вы пытались понять, Гримм ли Ник.	2
Кто-то должен начать кому-то доверять.	1
Да, сейчас.	2
Ник, она рожает.	4
Я думал, мой напарник сошёл с ума.	4
– Она рожает?	7
Конечно, будешь!	8
И послушать. Это ты точно не забудешь!	2
Что бы ни происходило, ты нужен этому ребёнку.	4, 8
Будет неловко, но ребёнок – важнее всего.	8
– В чём дело?	4
У ребёнка пропал пульс.	6
Верно.	1
Ник не отпустит вас, пока вы не скажете, где она.	1
Не отвечайте.	4
Я должна отправить отпечатки пальцев, чтобы подтвердить, что это я.	2, 8
Да. Всё в порядке.	8
Ты ничем не можешь помочь.	6
Это твой единственный шанс узнать ответы.	1
Ты едешь со мной, один, и мы выезжаем через 20 минут.	2, 8
Ник, я не уверен.	2
У нас мало времени.	1
Поехали.	2
И мы ничего не станем делать?	7
Отсюда пойдём пешком.	2
Ты хотел узнать, с кем я работаю.	2
Сейчас узнаешь.	4
Они приедут... в Портленд.	4
Вымотана, но в порядке.	5, 8
