นั่นมันเรื่องของฉัน!	{'7'}
ให้ตายเหอะ พี่หุบปากไม่เป็นจริงๆ	{'8'}
พระเจ้า เธอนี่พิลึก	{'1'}
ไอ้บ้า	{'6'}
คุณรู้จักเขาหรือเปล่า?	{'1'}
เหมือนผึ้งแตกรัง	{'7'}
วิธีเดียวที่จะหยุดมันได้ ก็คือ	{'4'}
อะไรเหรอ? ไม่มีอะไร ไม่ต้องกลัว	{'4'}
อย่ายิงครับ อย่ายิง!	{'2'}
พวกเราเอง!	{'8'}
ลูกสาวเขานอนป่วยอยู่ข้างล่าง แฟนผมก็อยู่ข้างล่างด้วย	{'8'}
เขาอยู่กับลูกพี่ลูกน้องผม แซทเชล	{'4'}
เรามาที่นี่ มาพักกับแซทเชล	{'7'}
- เราเคยฟังเรื่องนี้แล้ว!	{'1'}
อีแวนส์ซิตี้อยู่ห่างแค่ห้าไมล์ ตดไม่หายเหม็นก็ถึงแล้ว	{'4'}
จะทำอะไรก็รีบๆทำซะเถอะ	{'2'}
แล้วไงต่อ?	{'5'}
ทอม ลูกพี่ลูกน้องคุณตายแล้ว	{'3'}
นั่นคือตอนที่ ผมบอกให้ทุกคน ลงไปห้องใต้ดิน	{'6'}
พวกมันอาจพังประตูเข้ามา	{'8'}
มันมีแค่สามตัวเอง ฉันเคยสู้กับมันมากกว่านี้อีก	{'4'}
ถึงพวกมันจะมีปืนร้อยกระบอก ข้างล่างก็ปลอดภัยกว่าอยู่ดี!	{'1'}
ทอม มาช่วยฉันหน่อย	{'7'}
ช่วยกันพลิกหน่อย!	{'5'}
ตอนกลับมา เอาปืนมาด้วยนะ!	{'4'}
ตอกเลย	{'4'}
อยู่แล้ว!	{'5'}
ทางนี้ ทอม! มาทางนี้!	{'8'}
คุณคิดจะทำอะไร?	{'4'}
ฉันจะไม่ขังตัวเอง จนกว่าจะไม่มีทางเลือกอื่น	{'1'}
ฉันไม่เอาชีวิตลูกฉันมาเสี่ยงด้วยหรอก!	{'1'}
- กุญแจปั๊มน้ำมันด้านหลัง	{'8'}
สิ่งที่ฉันเสีย ฉันเสียไปนานแล้ว และฉันไม่ยอมเสียอะไรอีกแล้ว	{'1'}
คุณหยุดแหกปากใส่กันและกันก่อน ค่อยมาว่าฉันเสียสติ	{'1'}
'ประชาชนต้องเหลือช่วยตัวเอง'	{'7'}
'ซึ่งมีความผิดปรกติทางพฤติกรรมอย่างชัดเจน'	{'8'}
บ้าเอ๊ย เข้าไปเร็ว!	{'1'}
- ให้ฉันไปด้วย ฉันขับรถได้	{'4'}
ระวัง!	{'1'}
ฉันตะโกนบอกแล้ว กลับไปรับเขา!	{'1'}
โธ่ ลูกแม่	{'4'}
ไอ้ชาติหมา!	{'6'}
หยุดนะ!	{'1'}
- ใช่ พวกนี้มันเฮงซวย	{'4'}
พวกมันคือเรา เราคือพวกมัน และพวกมันคือเรา ว่าไงนะ?  เปล่า	{'6'}
บริษัท ที่มีความเจ็บปวดถอนที่ธนาคารถ้ามัน ๆ ของธุรกิจเลือดของคุณ	{'1'}
บ้านของ Abercrombie และแบลร์สำนักพิมพ์เมาหรือสติ	{'1'}
เขาไม่อยู่ที่นี่ที่รัก	{'6'}
แต่เขาก็ไม่ได้ที่นี่เมื่อวานนี้	{'5'}
ตกลง	{'1'}
เพื่อนรัสเซียของฉันได้เขียนนวนิยายที่สำคัญ	{'2'}
ทั้งๆที่มีการ glasnost นวนิยายของเพื่อนของฉันยังไม่สามารถนำมาเผยแพร่ ... ในสหภาพโซเวียต	{'1'}
- สไมล์	{'5'}
รอยยิ้ม	{'5'}
- ขอดูมันได้หรือไม่	{'2'}
- ขอเริ่มต้นด้วยตัวอักษร	{'2'}
ที่เขียนด้วยลายมือนี้คืออะไร	{'2'}
- เช่นเดียวกับนรกก็ไม่ได้เป็น	{'1'}
มันไม่สิ่งที่นรกตั้งใจที่จะอธิบาย?	{'7'}
- ทำไมคุณไม่วิ่งหนีไป?	{'7'}
มีอะไรให้คุณถ้าผมพาผู้หญิงคนหนึ่งคนหรือไอ้เป็ดมัสโกวี?	{'1'}
คุณจะทำอย่างไรกับตัวเองในลิสบอน, ข้าวบาร์เลย์?	{'8'}
คุณพยายามที่จะบอกฉันตายเด็กอายุของใ​​ครบางคน?	{'2'}
- นายแบลร์ครับ?	{'4'}
มาพบคนอื่น ๆ	{'2'}
ตอนนี้ไม่ได้ว่าครึกครื้น?	{'5'}
เพื่อที่พวกเราจะได้ทั้งหมดออกไป?	{'2'}
ใช้เวลาทั้งหมดในโลกข้าวบาร์เลย์	{'7'}
เธอเป็นคนที่ไม่ได้มี	{'1'}
ผมโชคดีพอที่จะเป็นแขกรับเชิญ	{'5'}
- ผมเป็นคนที่ยอดเยี่ยม	{'5'}
เราต้องบันทึกแต่ละอื่น ๆ เพราะผู้ประสบภัยทุกคนมีความเท่าเทียมกัน	{'8'}
ความคิดที่กล้าหาญ, ข้าวบาร์เลย์	{'7'}
และคุณไม่เชื่อเรื่องไร้สาระนี้	{'7'}
นั่นเป็นเหตุผลที่ฉันรักพวกเขา	{'8'}
สิ่งที่คนมีแซกโซโฟนได้หรือไม่	{'7'}
ah, Dante, ชุมเก่า	{'7'}
ฉันรักประเทศของฉัน	{'8'}
สิ่งที่คุณทำเพื่อการดำรงชีวิตหรือไม่	{'2'}
และสิ่งที่ประเภทของขยะที่คุณเปิดออกตอนนี้หรือไม่	{'1'}
ผมโกหก	{'6'}
สัญญากับฉันว่าคุณไม่ได้เป็นสายลับและจากนั้นผมจะทำให้คุณสัญญาในการกลับมา	{'7'}
Dante, ฉันได้รับบิตที่น่ากลัวที่จะซื่อสัตย์	{'4'}
- Hey, คุณไม่สามารถปฏิเสธฉัน	{'1'}
สัญญา	{'8'}
สัญญา?	{'8'}
! ฉันรู้ว่าทำไม คุณใส่หัวของคุณในทราย	{'1'}
- ใครนรกคือ? - วอลเตอร์?	{'1'}
- พวกเขาล้มเหลว	{'6'}
ไม่ได้อาจจะหรืออาจจะ?	{'6'}
ไม่มีโชคเช่น	{'6'}
เตะ 'em ในลูกเวลาที่พวกเขาได้รับไปที่หัวเข่าของพวกเขาทุก	{'1'}
โอกาสที่จะเป็นผู้เล่นที่ใช้งานในการป้องกันประเทศของพวกเขา	{'5'}
ใด ๆ ที่คริสตจักรที่ดีจะได้เผาคุณไอ้ปีที่ผ่านมา	{'1'}
ฉันสามารถช่วยหรือคุณอยากจะฝากข้อความได้หรือไม่	{'2'}
ถ้าเราเชื่อว่าแรงจูงใจที่เราไว้วางใจคน	{'8'}
มันเป็นทุกอย่างที่เราเคยต้องการที่จะรู้เกี่ยวกับรัสเซียและไม่กล้าถาม	{'8'}
บางส่วนที่ไม่ปรากฏชื่อเดินในจะบอกเรารัสเซียเป็นวิธีที่ด้านหลัง พวกเขาไม่สามารถทำร้ายเราเราสามารถดึงเขาของเรา	{'7'}
Bon Voyage, ข้าวบาร์เลย์	{'5'}
ใช่	{'5'}
คุณไม่ได้จำผมนายข้าวบาร์เลย์?	{'7'}
ว่าเป็นเรื่องน่าขัน	{'1'}
ผมถูกจับที่นี่เกือบสามปีที่ผ่านมา	{'4'}
พวกเขาบอกว่าฉันได้รับการถ่ายภาพเป็นเรื่องที่ทหาร	{'4'}
- ทุกอย่างที่เสียหายและไร้ความสามารถ	{'1'}
ให้เสียงของคุณลง	{'4'}
คำถามส่วนบุคคลดังกล่าวไม่เหมาะสม	{'1'}
คุณจะนานแค่ไหนที่อยู่ในมอสโกโปรดนายข้าวบาร์เลย์?	{'2'}
นักแต่งเพลง?	{'2'}
ปรุงอาหาร?	{'7'}
แต่น่าเสียดายที่ผมต้องกลับไปที่เด็กของฉันตอนนี้	{'6'}
รับประทานอาหารเย็นกับฉัน	{'8'}
- จากนั้นให้ฉันหมายเลขที่บ้านของคุณ	{'1'}
"ไม่มีไม่ ""บางที"""	{'6'}
ทำไมมีคุณไม่มีอาการเมาค้าง?	{'7'}
- วิธีการจ่ายเงินเป็นข้าวบาร์เลย์คุณนายวิคโลว์?	{'2'}
- โอ้ด้านบนของรัสเซียปรากฏวันนี้	{'8'}
คุณมีแรงขายหรือคุณยังคงอาศัยการแทรกแซงของพระเจ้า?	{'1'}
และวิธีการเกี่ยวกับการแปล?	{'1'}
คุณเดือนต้นสำหรับงานสัปดาห์หนังสือ	{'7'}
รู้ว่าสิ่งที่ฉันหมายความว่าอย่างไร	{'2'}
เรามีความพร้อมหรือยัง?	{'2'}
คุณดื่มสิ่งนี้?	{'2'}
วิศวกร?	{'7'}
ทำไมคุณไม่เพียงแค่เริ่มต้นการพูดคุยและขอดูว่ามันไป?	{'8'}
- เขาเป็นใคร?	{'7'}
- ผมไม่ทราบว่าสิ่งที่ฉันอาจจะบอกคุณ	{'4'}
สิ่งที่พวกเขาบอกคุณจะบอกผมได้ไหม	{'1'}
ลักลอบนำต้นฉบับของพวกเขาออกไปทางทิศตะวันตกหรือไม่	{'7'}
- คุณ?	{'7'}
เขาเป็นแรงบันดาลใจจากการเปิดกว้างใหม่ที่นี่	{'5'}
- และคุณเห็นด้วยไหม - ใช่!  และเพื่อทำคุณ!	{'1'}
ไม่ชอบนักวิทยาศาสตร์เช่น ... ศิลปิน	{'7'}
เพื่อให้คุณตกหลุมรักกับเขา	{'8'}
เขาเป็นคนรักครั้งแรกของฉัน	{'8'}
ไม่มีความบริสุทธิ์มากขึ้นที่ใดก็ได้	{'8'}
จนกระทั่งปีที่แล้วเมื่อเขาได้พบกับสำนักพิมพ์ของอังกฤษที่พูดกับหัวใจของเขา	{'8'}
เพราะผมมั่นใจว่าในความคิดของเขาเขาเป็นคนเดียว	{'6'}
คุณไม่ได้เบื่อฉัน	{'7'}
ฉันจะทำให้การเดินทางพิเศษเพียงที่จะพูดคุยเกี่ยวกับตัวเอง	{'2'}
ฉันจะคิดถึงคุณ	{'6'}
ข้าวบาร์เลย์ก็มีสามโอกาสที่จะทำให้การติดต่อ	{'8'}
คุณจะได้รับหายไป?	{'7'}
คุณอยู่ที่ไหน Dante?	{'2'}
เพียงสองคนมีสติมี	{'4'}
แต่น่าเสียดายที่เขาไม่สามารถหาฉัน	{'6'}
ไม่มีใครทรยศคุณ	{'8'}
คุณมาบอกฉันคุณปฏิเสธที่จะเผยแพร่หรือไม่	{'4'}
Dante คุณจะเร็วเกินไป	{'1'}
ถ้าเราทำหน้าที่ร่วมกันเราจะอยู่รอดร่วมกัน	{'8'}
ผมไม่ได้เป็นคนที่คุณคิดว่าฉันเป็น	{'6'}
ที่นี่ ... การปฏิวัติที่เริ่ม	{'5'}
ลองจินตนาการถึงสถานที่ในวันที่นี้เมื่อเรือรบออโรร่ายิงที่ว่างเปล่า ซึ่งส่งสัญญาณการปฏิวัติ	{'2'}
ก็ถึงเวลาที่	{'5'}
พวกเขาอยู่กับคุณและกับผม	{'4'}
ฉันกับคุณ	{'8'}
- ที่ดีที่สุด คุณพระเอกของชั่วโมง	{'8'}
คุณดาว	{'5'}
ที่ดีสำหรับคุณรัสเซล	{'5'}
ปัญหาคือคนจำนวนมากที่ชื่นชอบจ่ายสูง ตกอยู่ในอันตรายของการมีชามข้าวหักและจะหิว  ทั้งหมดในบัญชีของโน้ตบุ๊ค goddamn เหล่านี้	{'4'}
คลีเน็ดผมจะบอกคุณบางอย่าง	{'4'}
ดังนั้น ... สิ่งที่อยู่ในนรกจะนำคุณไปยังรัสเซียทุกห้านาที?	{'1'}
นั่นเป็นคำถามที่เป็นธรรม	{'8'}
มันไม่ได้เป็นของฉันปีกัสโซ, รัสเซล	{'1'}
แต่คุณดูเหมือนจะไปรัสเซียค่อนข้างมากกว่าที่คุณมาถึงอเมริกา	{'6'}
มันเป็นความเสียหายที่อเมริกา แต่ ...	{'8'}
ไม่ได้เป็นเรย์คนที่หอมหวานที่คุณเคยพบ?	{'5'}
- ใช่	{'8'}
ฉบับที่	{'1'}
- เบอร์	{'3'}
กำจัดเขาไคลฟ์	{'3'}
ไม่มีใครจ้างเราสำหรับความรักเหมือนพี่เหมือนน้องของเราเน็ด	{'5'}
ข้าวบาร์เลย์?	{'7'}
พระเจ้านี้เป็นรายการของคำถามที่จะปลดล็อคทั้งหมด Sov ความลับทางทหาร และชนะการแข่งขันด้านอาวุธที่จังหวะ!	{'7'}
เลือดที่ยิ่งใหญ่ เทปแบลร์เข้ารหัส	{'5'}
เด้งผ่านดาวเทียมไปลอนดอนถอดรหัสแล้ว - ทั้งหมดในนาทีที่	{'8'}
เคล็ด! พวกเขาให้คุณในอีกครั้งหรือไม่	{'3'}
คุณไม่สนใจเกี่ยวกับเลนินกราดคุณ?	{'3'}
ว่าเธอเป็นสาวและสวย, ฉันยกโทษให้คุณ	{'8'}
นี้เป็นสิ่งที่สวยงามเกินกว่าที่จะสวมใส่	{'5'}
ตอนนี้ข่าวของฉัน	{'2'}
ผมคิดว่าเขาไม่ได้มีเพื่อนที่น่าเชื่อถือใด ๆ ยกเว้นคุณ	{'7'}
มันเป็นเรื่องที่ไม่ปกติท​​ี่เขาเขียนมาให้ฉัน	{'2'}
nan	{'2'}
- คุณบอกเธอ	{'1'}
- มหัศจรรย์	{'5'}
- เขาจบจดหมายของเขาได้อย่างไร	{'2'}
- อื่น ๆ พูดคุยความรักหือ?	{'8'}
ซึ่งเม่น?	{'1'}
ว่ามัน! no more!  เทปไม่มีการร่วมเพศมากขึ้น!	{'1'}
คนทำเมื่อพวกเขาได้รับการป่วย	{'6'}
- ฉันรักเธอ	{'8'}
ทุกความล้มเหลวของฉันมีการเตรียมการสำหรับการประชุมที่คุณ	{'6'}
มันเป็น ... ความรักที่ไม่เห็นแก่ตัว ความรักที่โตขึ้น  - คุณรู้ว่ามันเป็น	{'5'}
- คุณกำลังทำอะไร?	{'4'}
- ฉันไม่คิดว่าฉันเหนื่อย	{'1'}
คุณจะไม่ปิดเขาลงถ้าคุณมี Sov จะคุณ?	{'7'}
สิ่งที่เขาพูด?	{'2'}
- ทำไมเขาขับรถหรือไม่	{'7'}
เขาเป็นคนที่รักชาติชาย	{'3'}
- คุณจะเห็นสิ่งที่ฉันเห็น	{'8'}
มาในมาในที่เป็นเทปหรือไม่	{'2'}
อะไรที่ผิดปกติ?	{'2'}
ทำได้ดี	{'5'}
ทำได้ดีแน่นอน	{'5'}
ยังคงกิน?	{'3'}
ให้คุณและหุ้นส่วนใหม่ของเรายินดีต้อนรับ	{'5'}
โทรออก, รัสเซล	{'1'}
มันมากกว่ารัสเซล	{'6'}
มันมากกว่า	{'6'}
คุณจะดีใจที่ได้ยินว่าลิฟท์เป็นคนที่ทำงานในเช้าวันนี้	{'5'}
เอ่อ, ให้แน่ใจว่าคุณนำมันกลับ	{'8'}
ไม่มีอะไรที่เกิดผิด	{'5'}
นิ้วข้ามแจ็ค	{'8'}
และมันจะบอกสิ่งที่เราส่วนใหญ่อยากจะรู้ว่า	{'2'}
เขารักษาสัญญาของเขาที่จะ Dante ในทางของตัวเอง	{'8'}
และเขาก็พยายามที่จะช่วยคัทย่า	{'2'}
หน่วยสืบราชการลับของอังกฤษแสดงให้เห็นว่าคุณเป็นตัวอักษรเป็นครั้งแรกในลิสบอน?	{'7'}
แต่น่าเสียดายที่ศาสตราจารย์ Savelyev ตาย	{'6'}
ใช่ฉันกำลังพูดถึงเกียรติไม่อุดมการณ์	{'1'}
ฉันคิดว่าคุณต้องการจะลงฉันว่าถ้าใครเป็น.	{'6'}
"และฉันคิดว่าทำไมไม่ได้ที่พวกเขาจับเรา?"""	{'4'}
แต่คุณปลอดภัย	{'5'}
ฉันรักเธอ	{'8'}
แต่คุณไม่ควรเปิดจดหมายของคนอื่น.	{'1'}
และข้าวบาร์เลย์?	{'2'}
เราทุกคนจะบีบใน	{'8'}
โชคดี, ข้าวบาร์เลย์	{'8'}
ในครั้งเดียวโดยไม่ชักช้า แหวน	{'8'}
จะไม่มีการชุมนุม โดยไม่มีชุมนุม	{'8'}
ฉันหมายถึงว่าความรักยังไม่ได้ไปถึง หัวของพวกเขา หนึ่งจดใช่ไหม คุณรู้ว่าฉันหมายถึง อะไร	{'8'}
หยุดความพยายามที่จะลากลงสิ่ง ในระดับของคุณเอง มันคือยังไม่ บรรลุนิติภาวะลูกชาย	{'6'}
ทอง ทั้งหมดของมันด้วยทองคำ บริสุทธิ์	{'2'}
พวกเขาทั้งหมดมีลักษณะเดียวกัน	{'6'}
ความเข้าใจอย่างฉับพลัน แค่ในวันรุ่งขึ้น	{'5'}
เขาคือคนที่มาจากทางตะวันตก นา ตะวันออก สเตปนี	{'5'}
อาร์เธอร์?	{'4'}
ฉันได้รับคำสั่งซุปด้วย	{'6'}
ทำไมเขาไม่ได้ทาสีสีแดง? นั่นคือคำถามแล้วเราจะต้อง  ดึงความกล้าที่จะถามเขา	{'7'}
และเสียสละครึกครื้นด้วยมีด	{'4'}
ก่อนที่จะตกคือเหยื่อได้รับการแค่ง ตั้งใหม่	{'3'}
แม่ของฉันจะให้ มือขวาของเธอที่ได้รับเลือก	{'1'}
คุณคิดว่าอะไรมันคืออะไร?	{'7'}
หนี	{'2'}
บางส่วนของมันเกี่ยวกับการแค่งงาน	{'3'}
วันแรกเลยครับ ดังนั้นมันจะต้องคือโลหะผสม	{'1'}
มีจำนวนหนึ่งของรีบขึ้น	{'2'}
เนื่องจากข้อเท็จจริงที่ว่าชีวิตของฉัน อยู่ในอันตราย 15.10  ล้อ ไม่ได้ล้อ	{'4'}
ชนิดของผู้เชี่ยวชาญ?	{'6'}
ดับเพลิงที่ครั้งหนึ่งเคยไห้หัวของฉัน ออก ของรั้วบาง	{'4'}
มันสามารถทำงานได้หากรัฐบาล จะใช้จ่ายเงินบางส่วน	{'6'}
ทำใน อเมริกา ที่คุณเห็น ความล้มเหลวอีกไม่ได้คุณ นักวิทยาศาสตร์	{'6'}
ฉันถามคุณ	{'1'}
แท่นขุดเจาะทั้งหมดนี้ อเมริกา แรงดันไฟฟ้าที่ไม่ถูกต้อง	{'8'}
ฉันเคยใช้มือของ ฉัน	{'1'}
มือของเขาเขาจะยังคงสามารถที่จะ กลองใช่มั้ย?	{'6'}
ที่จะหยุดเขาเมื่อเขาเช่นนี้ เขาออกจะครองโลก	{'1'}
ถ้าเขาจะได้รับทุนรัฐบาล	{'7'}
ฉันต้องมีแหวน แอลเจอโนน เลเซอร์	{'5'}
หรือฉันจะเรียกตำรวจนครหลวงใน เลเซอร์  รับเขาออก ฉันต้องมีแหวนวงนี้	{'1'}
พ่อคือหลักในท้องถิ่นของสุนัข นั่นคือสิ่งที่ฉันได้รับมันจาก	{'1'}
องคุณก่อน ริงโก้ส์ ก็ที่คือความผิดพลาด  ฉันสามารถรับรองสำหรับเธอ เรา สนิทกันมาก	{'4'}
คนที่มีความสกปรกในรูปแบบของ เขาไปทางทิศตะวันออก	{'3'}
เพราะว่าน้องสาวของฉันได้รับการ คัดเลือก	{'1'}
ใครสวมแหวน ซึ่งจะทำให้นิ้วของคุณหดตัว กล้า หาญไว้	{'1'}
ในตอนท้ายของส่วนหนึ่ง ช่วงระยะหยุดพัก	{'6'}
คุณไปที่พระวิหารอีกครั้งใช่ไหม	{'2'}
ในตอนท้ายของส่วนที่สอง	{'1'}
คุณบอกว่าสิ่งนั้นคืออะไร? นี้?	{'7'}
มาสิ, นิ้วของฉัน	{'6'}
พวกเขาอาจจะเอาพาเราสำหรับผู้ยืน ดูผู้บริสุทธิ์	{'4'}
ได้รับฉันสำนักงานที่บ้าน	{'6'}
อังกฤษ อนหลังที่พวกเขาเรียกเราใน โวล ซทรีท	{'1'}
เฮย คือที่ พอล	{'7'}
โอเค แอลเจอโนน ถุงสีดำเล็ก ๆ น้อย ๆ ของฉัน	{'3'}
ฉันจะต้องดำเนินการ	{'7'}
ออกไป	{'4'}
โพสต์ที่ใจ	{'4'}
ระวัง รับไป	{'2'}
คุณจะขอบคุณฉันในท้ายที่สุด ฉันกำลังยกมันขึ้นมา	{'6'}
กรุ๊ปเลือดของฉันคือ	{'2'}
ฉันยุ่งมาก	{'4'}
กรุณาโปรด	{'3'}
ดังนั้นนี่คือ บีทเทิล ที่มีชื่อเสียง?	{'4'}
มีเพียงฉันและ พอล รู้ว่าเราอยู่ที่นี่	{'8'}
ใช่ฉันเชื่อว่าคุณ พันจะไม่	{'6'}
เราได้มีการบันทึกที่จะทำในวันพรุ่งนี้ ฉันจำคือต้องป้องกัน	{'8'}
ได้รับฉันการป้องกันที่คุณจะ	{'4'}
ความรักของฉันไม่ให้ฉันของขวัญ	{'4'}
ฉันจะทำงานให้เสร็จสมบูรณ์ ออก	{'8'}
ด่วน ได้เร็วขึ้น	{'4'}
คุณสามารถทำมันได้	{'4'}
ที่หนึ่งสามารถหาสถานที่ศักดิ์สิทธิ์ นานพอที่จะหลบหนี  พระราชวังที่รู้จักกันดี	{'1'}
วิธีการเกี่ยวกับการตีกลองแค่? ได้ที่คุณคิดว่า?	{'2'}
คุณจะเพิ่งได้รับถือไม้ตีกลองนี้ หรือไม่?	{'5'}
มีมือกลองที่ดีในการคือ แมนเชสเตอร์	{'2'}
ก็ฉันไม่เพียงแค่กลองกับมันฉัน? ก็สิ่งอื่นแล้ว?	{'8'}
และอีกครั้ง คุณกำลังล้อเล่น	{'8'}
นิ้วที่มีชื่อเสียงใช่มั้ย?	{'3'}
การป้องกันที่เรามีความยุติธรรม ความภาคภูมิใจในประเทศนี้สำหรับ นิ้วใช่มั้ย?  นั่นอะไร มันคือผีสิงที่คุณรู้ว่า	{'6'}
คุณจะตัดหรือไม่?	{'4'}
มาตอนนี้ ฉันคิดว่าสมเด็จพระราชินีฯ	{'6'}
ยกมือขึ้น ด่วน ด่วน	{'1'}
มาสิ, ช่วยให้มีคุณ	{'2'}
เงียบสงบ ถือ อย่างต่อเนื่อง	{'2'}
ลองจับเขา	{'7'}
จะมีลักษณะเช่นเดียวกับเลเซอร์	{'8'}
คุณหนูใต้ใช่ไหม	{'2'}
จะใช้คือคุณไม่ได้มัน พอล	{'7'}
หุยฮา ปิป	{'7'}
เรียบร้อยแปรรูปที่อยู่ตรงกลาง อาหน้าต่าง	{'5'}
อะไร? ครอบคลุมออกทั้งหมด มองที่ คมชัด	{'5'}
อนุญาตให้ฉัน	{'6'}
ทั้งหมดที่คุณต้องทำคือการร้อง เพลงของ เบโธเฟน	{'8'}
บทกวีที่มีชื่อเสียงจากความสุข	{'8'}
ราชา คือของขวัญจากสวนสัตว์ เบอร์ลิน เขาได้รับการเลี้ยงดูในคลาสสิก	{'6'}
จากซ้ายไปฝั่งท่าเรือทางกราบขวา	{'1'}
ดีกว่าดูนิ้วมือของคุณ ริงโก้ส์	{'6'}
จากทางทิศตะวันออกเพียงสำหรับ การเสียสละของคุณ เขาไม่จำคือต้องได้ใส่ใจ  ดีมากของเขาแค่คือไม่ได้	{'1'}
ที่นี่คุณจะได้รับการทารุณ	{'5'}
ลองกลับไปและได้รับพวกเขาใช่มั้ย	{'4'}
ต้องมีวิธีที่ง่ายต่อการติดตั้งกับดัก	{'1'}
พูดคุยกับลิ้นสองแฉก ที่เขาทำ สิ่งที่เขาพูด?  ผ่านวิธีนี้เท้าร้อน	{'3'}
วัดว่าภายใต้หิน	{'1'}
ดังนั้นนี้คือวัดที่มีชื่อเสียงใช่มั้ย?	{'4'}
เขาไม่เคยใช้หมวกของเขาออก ฉัน สงสัยว่าทำไม	{'7'}
ไคยีลี	{'1'}
ช่วยฉันด้วย	{'4'}
แค่มันไม่ถูกต้อง	{'6'}
นี่คือรถที่ได้รับการว่าจ้าง	{'1'}
สวัสดี	{'6'}
แผนที่มีชื่อเสียงมาก	{'5'}
ริงโก้ส์ ริงโก้ส์ ริงโก้ส์	{'1'}
ริงโก้ส์ ริงโก้ส์	{'5'}
เรารู้ว่าเขาคือนักโทษแค่ที่ไหน	{'1'}
สแคล	{'1'}
ซ่อมมัน ฉันคือนายจ้างที่ดี	{'5'}
นั่นอะไร?	{'1'}
อังกฤษ อัญมณีที่ตั้งอยู่ในทะเลสีเงิน	{'5'}
คุณกำลังในการเดินทางทะเลยาว	{'2'}
เรามีสองกองพัน	{'4'}
หนึ่งคำเตือนจากคุณ และคุณจะตายทันที	{'4'}
คุณกำลังสีแดงทั้งหมดอีกครั้ง ใช่ฉันรู้ฉันเริ่มที่จะชอบมัน	{'2'}
ช่วยด้วย ฉันต้องการใครสักคน	{'4'}
เขาอยู่นพื้นที่ที่เกิดเหตุ ในหนึ่งชั่วโมงหลังการฆาตกรรมรายแรก	{'4'}
หรืออะไร?	{'1'}
โอเค นั่นไม่ได้ช่วยเลย	{'6'}
ไม่นะ ไม่ ไม่ ไม่	{'4'}
ไม่ ผม.. ผมต้องจำได้ถ้าทำเรื่องอะไรแบบนั้น	{'6'}
คุณจะบอกว่าผมฆ่าผู้หญิงพวกนั้นเหรอ	{'4'}
แต่จนกว่าเราจะคิดออก คุณอยู่บ้านจะดีกว่า	{'4'}
มันเกิดบ้าอะไรขึ้นกับฉันกันแน่!	{'4'}
เขาโอเครึไง	{'8'}
เราจะปล่อยคุณในอีกไม่กี่ชั่วโมง	{'6'}
ขอบใจมากนะวู	{'8'}
/ เสียงร้องของพวกเธอ...  นายไม่มีทางลืมลงหรอก	{'4'}
หยุด! เขาอยู่ข้างใน	{'4'}
ผู้กองหยุดเถอะ	{'8'}
ได้โปรด ได้โปรด ฟังผม	{'4'}
เรามานี่เพื่อสนุก อย่าทำเสียเรื่องน่า	{'2'}
ฉันอาจจะถูกกัดก็ได้	{'4'}
ไม่ ไม่ ไม่ ไม่	{'4'}
เขาจะฆ่าเธอแน่	{'4'}
เกิดอะไรขึ้น?	{'7'}
ผมมาที่นี่ได้ยังไง	{'4'}
พวกนายให้อะไรผมมา	{'2'}
หลับไป พอตื่นมาก็รู้สึกดีขึ้น จำได้ทุกอย่าง	{'5'}
จูเลียต	{'5'}
ผมจำอะไรไม่ได้เลย	{'7'}
มันได้ผล	{'5'}
เกือบแล้ว	{'6'}
พยายามจะฆ่าฉัน ใช่ไหมล่ะ	{'1'}
เราไม่อยากให้มันเกิดขึ้น ใช่ไหม	{'4'}
นายต้องฆ่าเขา นิค ตอนนี้เลย!	{'1'}
เราต้องรอนานแค่ไหน	{'1'}
ถ้าแจ๊คไม่ยอมไปล่ะ	{'5'}
หวังว่าคงเจ็บจริงๆ	{'6'}
เขาไม่กลับมา	{'4'}
อา	{'2'}
เรารักษาคุณ	{'5'}
เฮ้ มาที่นี่ได้ไงเนี่ย	{'5'}
แม่หนูอยู่ไหน	{'4'}
ชีวิตใหม่? ร่วมกับครอบครัวที่มีค่าควรกับคุณ	{'5'}
ขั้นตอนแรกผ่านไป และฉันจะหักคอเธอซะ	{'1'}
ขอบคุณพระเจ้าที่คุณมา	{'8'}
และเราก็ได้ตัวเด็ก	{'8'}
ไม่!	{'6'}
ถ้าตามเธอแค่ตัวเดียว ต้องมีพวกมันอยู่แถวๆนี้แน่ๆ	{'4'}
นิค มองฉัน!	{'1'}
เฮ้ มองฉันสิ!	{'1'}
ใช่ แฮงค์พูดถูกพวกเราต้องไปกันก่อน นิค	{'4'}
ฮุนเยเกอร์ที่ฉันจัดการไปเป็นพวกเวอร์ราต	{'5'}
เธอทำอะไรกับฮุนเจเกอร์ที่เธอฆ่าไป	{'4'}
เพิ่งเจอหัว	{'3'}
นายคิดอะไรอยู่	{'5'}
ฉันเสียใจด้วยนะนิต	{'6'}
แต่ผมก็เป็นคนฆ่าผู้หญิงไป 3 คน	{'6'}
เราต้องการหาตัวใครซักคน	{'8'}
ชอบไม้เบสบอลคุณนะ คุณกลับมาตั้งแต่เมื่อไหร่	{'7'}
ผมต้องคุยกับเธอ	{'1'}
เคลลี่ตาย?	{'4'}
เตรียมตัวให้พร้อม เราต้องการให้คุณเอาของบางอย่างไปส่ง	{'2'}
เธอท้องหรอ?	{'7'}
เราต้องเตือนมอนโรกับโรซาลี่	{'4'}
เธอพิเศษจริงๆ	{'5'}
เธอทำให้คนแก่ดีใจมากเลยนะ	{'8'}
เขาควรเป็นส่วนหนึ่งของความสำเร็จของเรา	{'8'}
ผมสัญญาว่าผมจะจัดการกริมม์นั่นเอง	{'8'}
หวังว่าเธอจะรักษาสัญญาได้	{'6'}
เขาจะตามหาฉัน	{'2'}
มันน่ากลัวมาก	{'1'}
เราต้องคุยกัน	{'1'}
ผู้กอง ดีใจจริงๆที่คุณกลับมา	{'5'}
จากนั้นฆาตกรรมรายที่3 เราไม่สามารถหา	{'6'}
ยกเว้นวิธีที่ถูกฆ่าเหมือนกัน	{'4'}
ใครเป็คนแจ้งความ	{'2'}
สาบานเลย ถ้าผมต้องหั่นศพใครใส่หม้อต้มยา	{'1'}
ดื่มให้สิ่งที่ดีๆเถอะ	{'5'}
พวกคุณจะไปอยู่บ้านผมก็ได้เพราะไม่มีใครสนใจผมอยู่แล้ว	{'6'}
เราต้องไป	{'4'}
ฉันท้องอยู่ด้วย	{'7'}
ฉันรู้ว่ามันเจ็บปวดแค่ไหน	{'8'}
เธอตายเพื่อปกป้องลูกสาวฉัน	{'6'}
คงต้องเป็นเรื่องสาหัสมาก ที่ชีวิตคุณเปลี่ยนไปไม่เหลือเค้าเดิม	{'6'}
เฮกเซ่นบีสต์ที่มีพลังสูงอย่างคุณจะต้องเป็นสมบัติล้ำค่า ต่อกับใครก็ตามที่เห็นค่าของมัน	{'8'}
เรายินดีต้อนรับทุกๆอย่างเสมอ ขณะที่สิ่งที่คนอื่นๆทำ คือการเผาคนอย่างพวกคุณทั้งเป็น	{'4'}
ถูกต้อง	{'8'}
นั่นอะไรน่ะ?	{'7'}
ไม่มีทางที่เธอจะ ปรากฏตัวถ้าเธอไม่มั่นใจว่าตัวเองปลอดภัย  โดยเฉพาะอย่างยิ่งมีเด็กมาด้วย	{'5'}
ทำไมเธอถึงได้มาที่นี่?	{'1'}
ทุกสิ่งที่คุณพูดสามารถนำไปใช้ยันคุณ ในศาลได้	{'1'}
ท่านอยากให้ผมกลับไปพาเขากลับมาไหมครับ	{'7'}
เตรียมตัวไปได้แล้ว	{'8'}
ก็เชิญเลย ฉันได้ยินมานานแล้วว่ากริมม์ร้ายกาจแค่ไหน แต่แม่นายก็เสร็จฉันอยู่ดี	{'7'}
ถ้าเขาฆ่านิคล่ะ	{'4'}
พวกเขาได้ลูกอดาลินแล้ว	{'4'}
นายจะจัดการยังไงกับศพ	{'4'}
ทรูเบล?	{'7'}
ฉันรู้สึกเสียใจกับนิคมาก	{'6'}
ไม่มีทาง	{'8'}
เธอช่วยพวกราชวงศ์เอาตัวเธอไป เราต้องการให้เธอช่วย	{'8'}
ฉันแกะรอยโทรศัพท์เธอ	{'5'}
ดูจากคนที่อยู่ข้างใน เดาว่าคงมีคนรักษาความปลอดภัยเพียบแน่	{'2'}
เผื่อไว้ ใช่ ใช่ นั่นเป็นความคิดที่ดีมากเลย  เพราะถ้ามีใครมาที่นี่ ก็จะมีแค่ผมกับอดาลิน	{'2'}
คุณจะต้องกลับมานะ	{'4'}
โอ้ /ไม่ดีแน่	{'4'}
อย่างน้อยอย่าให้ถูกจับได้ในรถ	{'4'}
เผื่อไว้	{'4'}
อย่าทำให้ผมหัวใจวาบตายสิ	{'1'}
พาเธอไป	{'4'}
พวกเขาไปแล้ว	{'6'}
ทั้งหมดเลยหรอ?	{'7'}
ผมขอโทษ	{'6'}
แล้วฉันล่ะ?	{'6'}
นายไปบ้านเถอะ ฉันจะจัดการเรื่องผู้กองเอง	{'8'}
นิคทำทุกอย่างที่เขาทำได้แล้ว /แต่พวกเขาหนีไปได้	{'6'}
ผู้กอง มีศพอยู่ที่นั่น	{'4'}
ที่นั่นอยู่นอกเขตเรานี่ ไม่ใช่เหรอ	{'3'}
อย่าห่วง ผมรับมือได้	{'8'}
พาหนูกลับบ้านกัน หนูเป็นเจ้าหญิงจริงๆ	{'8'}
ออกมาแล้ว! ซะใจดีไหม	{'1'}
ผมหวังว่าผมจะขอบใจเขาได้	{'2'}
ฉันก็หวังว่าฉันจะเป็นแบบนั้น	{'6'}
ไม่	{'6'}
แต่ผมมักรำลึกถึงมันทุกปี	{'3'}
ใกล้เสร็จแล้วเชียว	{'1'}
มันมี... บางอย่างเกิดขึ้น  มันไม่เคยเกิดขึ้นมา 30 ปีแล้ว	{'4'}
ผมต้องไปล่ะ จริงหรอ	{'3'}
อะไรวะ...	{'7'}
ลองอ่านนี่ดู	{'2'}
ช่วยชูมือขึ้นด้วย	{'8'}
ที่ปกทำจากหนังมนุษย์ เขียนด้วยเลือดน่ะ	{'7'}
คือผมอยากให้แปลให้หน่อยน่ะ	{'4'}
ขอบคุณ	{'5'}
พอจะช่วยเก็บกวาดรถช่วงที่ผมไม่อยู่ได้ไหม	{'2'}
แอช เราใกล้เข้ามาแล้ว	{'5'}
ทีนี้เอาหลอดไฟไปไว้หลังร้าน แล้วอย่าทำแตกล่ะ	{'8'}
คุณไปไม่ได้นะ ทั้งร้านนี่คุณน่ะเจ๋งสุดแล้ว	{'6'}
นี่ เล่ามาได้เลย เผื่อผมช่วยได้	{'2'}
หรอ เออๆ ใช่	{'7'}
ผมมาจากโน่น	{'7'}
พระเจ้า น่ารักเฟร่ออออ	{'1'}
เธอมีสเหน่ห์มาก ฉันรู้	{'8'}
เยี่ยม งั้นถึงเวลาบอกลากันละ อ่าห์	{'6'}
แต่เก๊าะ ไม่เป้นไรนะ เพราะคุณจะไม่มีโอกาสได้มีผมอยู่แล้วแหละ	{'5'}
ที่เธอส่งผ่านยีนส์ของเธอให้แก่คุณ ได้อย่างเหมาะเจาะ	{'5'}
คุณยังเด็ก แล้วคุณก็จะรู้เอง	{'5'}
ฉันไม่รู้	{'6'}
ไม่เป็นไรฉันแค่	{'4'}
มันเป็นอย่างที่คุณเห็น สวัสดีคุณร็อปเปอร์ ไง วิลเลี่ยม	{'2'}
ไง	{'7'}
พลังแห่งธรรมชาติที่ก่อให้เกิด เรื่องร้ายๆทั้งหมดน่ะ ?	{'4'}
พวกปีศาจมันจะแอบซุ่มรออยู่ในเงามืดเสมอ	{'4'}
เพื่อน ทีแรกฉันก็คิดว่ามันแค่เรื่องเล่าเหลวไหล แต่หลังจากได้เห็นเรื่องนี้ ฉันคิดว่าลุงเขาพูดถูกนะ	{'8'}
ฉันจะบอกนายบางอย่างที่ไม่เคยบอกใคร	{'2'}
ตอนนี้ ฉันซวยแล้ว อ่านจากตำรา  แค่เพียงแว่บเดียว ปีศาจก็เจอฉัน	{'4'}
นี่แหละทำไมตอนนี้ฉันถึงจะเผ่นแล้ว	{'2'}
ค่อยเจอกันนะ เพื่อนยาก	{'8'}
ฟังฉันนะ	{'1'}
ไม่ว่าอะไรที่ฉันทำ มันนานมากๆเเล้ว	{'6'}
พ่อโอเคไหม๊ ?	{'2'}
พระเจ้าช่วย	{'1'}
ใครอยู่ตรงนั้นคะ ?	{'4'}
เธออยู่ที่ประตู พระเจ้า เธอเข้ามาข้างในแล้ว โอ พระเจ้า	{'4'}
พ่... \ เธอเห็นอะไร	{'4'}
นี่	{'7'}
พวกเรามาทำบ้าอะไรกันที่นี่	{'4'}
ไม่มีการหนี อีกต่อไป	{'5'}
ความกล้าหาญของมนุษย์ เรารอคอย	{'2'}
อะไรคือโอกาสที่ว่า? ม่ายยยย	{'7'}
ทรูเบล หนีไป!	{'4'}
ไม่นะ จูเลียธ นิค	{'6'}
นายเจอเธอครั้งสุดท้ายเมื่อไหร่	{'6'}
- จูเลียธตายแล้ว	{'6'}
เรื่องบ้าอะไรเนี่ย	{'7'}
- ต้องใช่ชาเวสแน่	{'1'}
นิค นิค เกิดอะไรขึ้น	{'4'}
เมื่อคืนจูเลียธอยู่ที่นี่ พยายามจะฆ่าฉัน	{'4'}
ทรูเบลฆ่าจูเลียธหรอ	{'7'}
ฉันนึกว่า นายพูด ว่าเธอขึ้นเฮลิคอปเตอร์ไป	{'7'}
ฉันกอดเธอไว้ในอ้อมแขนของฉัน..	{'4'}
- ฉันไม่รู้	{'7'}
แต่มันมีฝีมือมาก พวกมันจับทรูเบลไป	{'8'}
ถ้ามันเป็นพวกราชวงศ์ ฉันคงตายไปแล้วล่ะ	{'4'}
- บ้าอะไรเนี่ย - เพื่อดูว่าเธอเป็นกริมม์หรือเปล่า	{'7'}
พวกนั้นคงสะกดรอยตามเธอ หรือรอให้เธอปรากฎตัว	{'4'}
ฉันจะตามล่าเธอ	{'4'}
นายรู้รึเปล่าว่ากำลังพูดเรื่อง ที่จะตามล่าเจ้าหน้าที่ FBI นะ?	{'4'}
พวกเราคิดว่าเจอตัวแจ็คเดอะริปเปอร์แล้ว	{'2'}
- มีคนแจ้งเมื่อคืนครับ	{'4'}
เราพบสิ่งที่น่าสนใจคือ	{'2'}
- เดี๋ยวก่อน ทำงานเยี่ยมมาก	{'5'}
แฮงค์ ฉันต้องคุยกับนาย พึ่งได้รับแจ้งจาก 911	{'4'}
เอาล่ะ ยังก่อน แต่ฉันอยากให้นายฟังเรื่องนี้	{'1'}
จูเลียตไปอยู่นั่นได้ไง เธอไม่ได้อยู่บนเฮลิคอปเตอร์เหรอ?	{'4'}
นิคฆ่าจูเลียตเหรอ?	{'4'}
จูเลียตไม่ได้ขึ้นเฮลิคอปเตอร์กับพวกราชวงศ์ แต่เธอกลับมาที่บ้านนิค เพื่อฆ่าเขางั้นเหรอ?	{'7'}
- เพื่อปกปิด	{'7'}
ตอนนี้ มีสัญญาณความเป็นไปได้ สองวันก่อนในดัลส์	{'2'}
ถ้านิคถูกมอมยา แล้วนายเชื่อที่เขาพูดไหม?	{'4'}
เอาล่ะ นี่คงไม่ใช่ฤกษ์งามยามดีที่จะพูดเรื่องนี้ แต่พึ่งมีสายแจ้งจาก 911	{'4'}
เจ้าหน้าที่กำลังไป	{'8'}
เสี่ยงนิดๆ นะ ถ้าจะหาประวัติของเจ้าหน้าที่เอฟบีไอ	{'1'}
ถ้าจะทำ อย่าทำที่นี่	{'4'}
ผมต้องการให้คุณบอกผมมา ว่าเทเรซา รูเบลอยู่ไหน เทเรซา รูเบล	{'1'}
เด็กสาวคนนั้น ที่อยู่ในบ้านคุณน่ะหรอ	{'2'}
คุณจับตัวเธอไป จากบ้านของผมเมื่อคืน!	{'1'}
คุณพูดว่าเธอถูกลักพาตัวไปหรอ	{'7'}
คุณรู้ว่าผมกำลังพูดเรื่องอะไร	{'7'}
แต่ทางที่ดีคุณควรออกไปจากออฟฟิศฉัน	{'7'}
คุมตัวเขาออกไปจากตึก	{'3'}
ถ้าเขาขัดขืน ก็จับกุมตัวเลย	{'2'}
ดี ฉันว่านั่นถือเป็นข่าวดี	{'8'}
มีร้ายกว่านี้อีกไหมล่ะ?	{'6'}
ฉันเห็นชายพวกนั้น ใกล้ๆ กับบ้านของนิค ก่อนที่เราจะออกมา	{'4'}
- ในที่สุด	{'5'}
ฟังนะ ลืมเรื่องเธอไปแปปนึง แล้วเข้ามาที่นี่	{'8'}
เพื่อนบ้านนายสามคน ถูกฆ่าตายเมื่อคืนนี้	{'6'}
เอาล่ะ ฉันกำลังเข้าไป	{'5'}
ศพของผู้ต้องสงสัย ที่เราเชื่อว่า เป็นคนเลียนแบบแจ็คเดอะริปเปอร์  ถูกเจอเมื่อคืนนี้	{'7'}
มีอะไรหรอ	{'2'}
- ใครถูกฆ่า?	{'4'}
- คุณพูดเรื่องอะไรกัน?	{'7'}
อาจเข้าใจ หรืออาจจะไม่เข้าใจ แต่คุณกำลังทำให้ตัวเองถูกจับ  โดยรัฐบาลกลาง ถ้าคุณยังไม่หยุดเรื่องนี้	{'1'}
ผมบอกไปแล้ว เราจะช่วยดูเรื่องนี้	{'1'}
- ไม่ ผมไม่ต้องการเวลา	{'6'}
ตอนนี้ ถ้าคุณไม่ไปพัก ผมจะพักงานคุณเอง	{'1'}
ฉันจะพักได้ยังไง ถ้ายังไม่รู้ว่าเกิดอะไรขึ้น?	{'6'}
คุณทำอะไรน่ะ?	{'7'}
นิคทำใจไม่ได้หรอก และเขาไม่แม้แต่จะโทรหาเรา  ถ้ามันไม่จริง	{'8'}
โอเค ฟังนะ สิ่งสุดท้ายที่รู้ คือจูเลียตขึ้นเฮลิคอปเตอร์	{'7'}
ทุกอย่างแค่เกิดขึ้นในที่เดียวกัน..	{'7'}
- คุณได้คุยกับนิคไหม	{'2'}
- จูเลียธตายจริงๆหรอ	{'4'}
ฉันทำไม่ได้	{'6', '4'}
แต่ตอนนี้ฉันไม่แน่ใจอะไรสักอย่าง	{'4'}
เอาล่ะ อย่างน้อยสิ่งที่เราทำเพื่อนิคได้ คือเราจะหาอะไรเกี่ยวกับชาเวสได้บ้าง	{'8'}
นี่มันน่ากลัว	{'4'}
มันไม่ใช่ความผิดของจูเลียต	{'7'}
เธอไม่ได้อยากเป็นเฮกเซนบีสท์เพราะอยากเป็น	{'6'}
คือเธอก็ใช้พลังนั่นนะ	{'5'}
แล้วจูเลียตก็พยายามฆ่านิค	{'4'}
เราก็มีส่วนให้เธอเป็นแบบนี้	{'6'}
และตอนนี้สิ่งที่เกิดขึ้น มันช่าง.. รู้สึก..  รู้สึกแย่ที่สุด รู้ไหม?	{'6'}
ชาเวสมีประวัติดีเยี่ยมที่สำนักงาน	{'1'}
รู้อะไรไหม?	{'7'}
ใช่ ชาเวสเป็นชื่อเดียวที่เรามี	{'6'}
เรากำลังเล่นกับไฟ	{'4'}
ฉันหมายถึง ฉันรู้ว่า นายไม่จำเป็นต้องตอบ แต่อย่าลืมว่าฉันช่วยนาย เข้ามาสู่โลกแบบนี้ โอเคไหม	{'4'}
เราผ่านอะไรมาด้วยกันมากมาย - ออกไปจากที่นี่ซะ! ผมเหลือเมเปิ้ลไซรัปไม่มาก	{'8'}
ตอนนี้ ออกไปจากที่นี่ได้แล้ว	{'1'}
แต่มีแยมราสเบอร์รี่เยอะแยะ ซึ่ง,คุณก็รู้, คนส่วนใหญ่ชอบ	{'5'}
ฟังนะ,คุณไม่สามารถอยู่กับสิ่งที่คุณเคยหวัง สิ่งที่เกิดขึ้นกับไดอาน่า	{'6'}
และ... และ อย่าลืมว่า  คุณไม่ได้กินเพื่อตัวคุณคนเดียวนะ	{'8'}
ผมไม่ได้ตั้งใจโม้	{'4'}
เขาเริ่มจะ... เขา เริ่มจะ...	{'4'}
ไม่แปลก, นั่น เป็นสิ่งที่เธอควรทำ	{'8'}
เราต้องหาที่ผิดปรกติ	{'7'}
-เฮ้, เจอเขาไหม? โอ้, เจอ	{'2'}
ดูเหมือนว่าเธอจะย้ายโรงเรียน ตามที่ที่พวกเขาไป	{'8'}
ประตูด้านหลัง!	{'7'}
คุณทำงานให้ใคร?	{'1'}
นายทำพลาดแล้วล่ะ,เบิร์คฮาร์ท	{'6'}
คุณพยายามดึงเธอร่วมทีมมาก่อน	{'8'}
คุณขู่ไม่ให้เธอบอกผม	{'1'}
ผมเห็นหนังสือเล่มเดียวกันในห้องของเธอ	{'7'}
ต้องมีใครย้ายมัน	{'1'}
คุณต้องการรู้ว่านิคเป็นกริมม์หรือเปล่า	{'2'}
งั้น,ใครบางคนต้องเริ่ม เชื่อใจกันแล้วล่ะ	{'1'}
ไม่, ไม่!	{'4'}
ใช่, ใช่, ใช่, ตอนนี้	{'2'}
โอ้, นิค, นิค, จะคลอดแล้ว	{'4'}
ผมคิดว่าคู่หูของผม เริ่มสุดขั้วแล้ว	{'4'}
เธอกำลังคลอดตอนนี้เหรอ?	{'7'}
แน่นอน คุณจะเข้าไปข้างใน	{'8'}
และได้ยิน, จริงๆ ภาษาเป็นบางอย่าง ที่คุณไม่มีวันลืม	{'2'}
ไม่ว่าอะไรจะเกิดขึ้น เด็กก็ยังต้องการคุณ	{'4'}
มันน่าอึดอัด แต่เด็กต้องมาก่อนเสมอ	{'8'}
อีกนานแค่ไหน?	{'3'}
เด็กหัวใจหยุดเต้น	{'6'}
มัน, ไม่ใช่	{'1'}
นิคไม่ปล่อยคุณไปหรอก จนกว่าคุณจะบอกเขาว่าเธออยู่ที่ไหน	{'1'}
อย่ารับสาย	{'4'}
ฉันต้องส่งลายนิ้วมือ ให้เขารู้ว่าเป็นฉัน	{'8'}
ใช่ ฉันสบายดี	{'8'}
ผู้เชี่ยวชาญเชิญแผนกเด็กอ่อน	{'8'}
ไม่มีอะไรที่คุณช่วยได้หรอก	{'6'}
ฉันอยู่กับโรซาลีน เปิดลำโพงอยู่	{'8'}
นี่เป็นโอกาสเดียวของคุณ ที่จะได้คำตอบ	{'1'}
คุณต้องไปกับฉัน, ตามลำพัง และเราต้องไปภายใน 20 นาที	{'8'}
นิค, ฉันไม่แน่ใจเรื่องนี้	{'2'}
เราไม่มีเวลาแล้ว	{'1'}
ไปกันเถอะ	{'2'}
อ่า... เราจะไม่ทำอะไรเลยหรือ?	{'7'}
เราจะเดินจากตรงนี้	{'2'}
คุณต้องการคำตอบ ฉันทำงานกับใคร	{'2'}
พวกเขาอยู่นี่	{'2'}
พวกเขากำลังมาที่นี่... ที่พอร์ตแลนด์	{'4'}
เธออ่อนเพลียมาก แต่เธอโอเค	{'8'}
มันกั้นไม่ให้เขาออกมา	{'6'}
ฉันไม่อยากเลี้ยงเขาตัวคนเดียว	{'6'}
